ID,Název praktiky,Typ extrému,Měřítko aplikace,Lokalita,Zeměpisná šířka,Zeměpisná délka,Relativní nákladnost,Doba implementace cca,Popis praktiky,Přínosy a výhody,Rizika a omezení,Postup implementace,Zdrojová organizace,Kontaktní údaje,Reference a zdroje,Datum přidání,Podpůrné soubory,Oblast dopadu,Typ opatření,Fáze krize,Provenience,Úroveň ověření,Stav,Kanonický klíč
1,Zelené střechy pro zadržování dešťové vody,"Přívalové deště, Vlny veder",Budova,"Plzeň, Česká republika",49.7384,13.3736,Střední (500 tis. - 5 mil. Kč),Střednědobá (1-3 roky),"Zelené střechy pokryté vegetací a substrátem, které efektivně zadržují dešťovou vodu, snižují tepelný ostrov města a poskytují dodatečnou tepelnou izolaci budovy. Systém zahrnuje hydroizolační vrstvu, drenážní systém a speciálně vybranou vegetaci odolnou vůči klimatickým extrémům.","Zadržování 70-90% dešťové vody při běžných srážkách, snížení teploty střechy o 15-25°C v létě, úspora energií na klimatizaci o 10-30%, zvýšení biodiverzity městského prostředí, prodloužení životnosti střešní krytiny o 50-100%, zlepšení kvality ovzduší zachycováním prachových částic.","Vysoké počáteční investiční náklady 1500-4000 Kč/m², nutnost statického posouzení nosné konstrukce, vyšší nároky na údržbu a kontrolu odtoku, riziko zatékání při nedostatečné hydroizolaci, omezená účinnost při extrémních srážkách nad 50mm/hod, nutnost pravidelné výměny vegetace každých 5-10 let.","1. Statické posouzení stávající konstrukce střechy 2. Návrh skladby zelené střechy včetně drenážního systému 3. Realizace hydroizolační vrstvy s kořenovou bariérou 4. Instalace drenážního a závlahového systému 5. Pokládka substrátu o tloušťce 8-20 cm 6. Výsadba vhodné vegetace (rozchodníky, trávy, byliny) 7. Zabudování monitorovacího systému 8. Pravidelná údržba a monitoring výkonu","Magistrát hlavního města Prahy, Odbor životního prostředí","Ing. Jana Nováková, jana.novakova@praha.eu, +420 236 002 111","Svoboda, P. et al. (2023). Zelené střechy v městském prostředí: analýza účinnosti. Journal of Urban Ecology, 15(2):45-62. https://www.praha.eu/zelene-strechy ČSN 73 1901 - Navrhování střech | EPA Green Infrastructure | GSA Green Roofs Guide | NPS Technical Notes | Chicago Green Roof Program",2024-03-15,"technicka_specifikace.pdf, analyza_nakladu.xlsx, monitoring_vysledky.docx, fotodokumentace.zip","Zdraví, Finance a majetek, Budovy, Infrastruktura, Životní prostředí",Technické,Před krizí – prevence,Projekt MITEXTREM (CZ případová studie),Ověřeno v praxi,approved,"zelene strechy pro zadrzovani destove vody|plzen, ceska republika|privalove deste, vlny veder"
2,Městská výsadba stromů pro snížení tepelného ostrova,"Vlny veder, Přívalové deště",Čtvrť,"Praha, Česká republika",50.0755,14.4378,Střední (500 tis. - 5 mil. Kč),Dlouhodobá (3-10 let),"Systematická výsadba listnatých a jehličnatých stromů v městském prostředí pro snížení teploty okolí až o 2-8°C, poskytování stínu budovám a komunikacím, zachycování dešťové vody korunami a zlepšování kvality ovzduší. Doporučená hustota výsadby: minimálně 16% pokrytí území stromy pro dosažení 1°C snížení teploty.","Snížení povrchové teploty o 2-8°C v okolí stromu, zachycení až 70-90% srážek korunami stromů při normálních deštích, roční úspory na klimatizaci 10-25% pro přilehlé budovy, zvýšení hodnoty nemovitostí o 5-15%, zlepšení kvality ovzduší zachycováním PM10 a PM2.5 částic, snížení hluku o 3-5 dB, roční sekvestrace 12-48 kg CO₂ na strom.","Dlouhodobé závazky údržby 20-50 let, počáteční náklady na výsadbu 3000-8000 Kč/strom včetně přípravy stanoviště, možné konflikty s městskou infrastrukturou (vedení, potrubí), nutnost zavlažování prvních 3-5 let, období 5-10 let do dosažení plné účinnosti, riziko poškození bouří nebo chorobami, alergenní pyly u některých druhů.",1. Provedení studie městského tepelného ostrova a identifikace prioritních oblastí 2. Pedologický průzkum a analýza podzemních sítí 3. Výběr klimaticky vhodných druhů odolných vůči stresu 4. Získání povolení podle zákona č. 114/1992 Sb. 5. Výsadba během vegetačního klidu (říjen-březen) 6. Instalace závlahových systémů 7. 3leté intenzivní pěstební péče 8. Monitoring teplotních efektů,"Statutární město Plzeň, Odbor životního prostředí","Ing. Petr Novák, novak.petr@plzen.eu, +420 378 032 421","Novák, P. et al. (2023). Adaptace městské zeleně na klimatickou změnu v Plzni. Zahradnictví, 18(3):45-52. https://www.plzen.eu/zivotni-prostredi/zelena-infrastruktura/ ČSN 83 9021 Péče o dřeviny | USDA Urban Trees | Arbor Day Foundation | EPA Trees & Heat Islands | DOE Energy Landscaping",2024-08-27,"studie_plzen_stromy.pdf, teplotni_mereni_plzen.xlsx, ekonomicka_analyza.docx, mapa_vhodnych_lokalit_plzen.shp","Zdraví, Finance a majetek, Budovy, Infrastruktura, Životní prostředí",Technické,Před krizí – prevence,Projekt MITEXTREM (CZ případová studie),Ověřeno v praxi,approved,"mestska vysadba stromu pro snizeni tepelneho ostrova|praha, ceska republika|vlny veder, privalove deste"
3,Udržitelné městské drenážní systémy (SUDS),"Přívalové deště, Povodně",Čtvrť,"Brno, Česká republika",49.1951,16.6068,Střední (500 tis. - 5 mil. Kč),Střednědobá (1-3 roky),"Komplexní systém zahrnující bioretenci (zasakovací záhony s filtrační vrstvou), infiltrační pánve, travnaté příkopy a propustné dlažby pro udržitelné hospodaření s dešťovou vodou. SUDS napodobují přirozené hydrologické procesy, zadržují vodu na místě dopadu. Kapacita zadržení: 25-50 mm srážek/m² plochy.","Snížení špičkového odtoku o 60-85% při běžných srážkách, zadržení 31-42% celkového objemu dešťové vody, úspory nákladů 10-85% oproti tradičním řešením, zlepšení kvality odtékající vody odstraněním 60-90% suspendovaných látek, snížení teploty okolí o 2-4°C díky evapotranspiraci, podpora biodiverzity, roční úspory na vodném 20-40%.","Variabilní účinnost při intenzivních srážkách nad 50 mm/hod, vyšší nároky na údržbu než tradiční systémy (2-4 kontroly ročně), potřeba dostatečného prostoru 5-10% plochy povodí, možné problémy se zanesením sedimenty, riziko zamrzání infiltračních prvků v zimě, omezená funkčnost při vysoké hladině podzemní vody.",1. Hydrotechnická studie povodí a dimenzování podle ČSN 75 9010 2. Průzkum propustnosti půdy a hladiny podzemní vody 3. Získání povolení vodoprávního úřadu 4. Výkop a příprava území 5. Instalace geotextilie a filtrační vrstvy 6. Osázení vhodnou vegetací 7. Instalace monitorovacích sond 8. Testovací zalití a funkční zkoušky,"Povodí Moravy, s.p., Brno","Ing. Pavel Balvín, balvin@pmo.cz, +420 541 637 111","Šlezingr, M. et al. (2022). SUDS v ČR - příručka pro praxi. ČVUT Praha, 156 s. https://www.pmo.cz/cz/povodne/ochrana-pred-povodnimi/ ČSN EN 752 Venkovní kanalizační systémy | EPA Green Infrastructure | UK SUDS Standards | EPA Stormwater BMPs | USDA Conservation Practices",2024-08-27,"hydraulicky_vypocet.pdf, monitoring_protokol.xlsx, druhy_rostlin.docx, schema_suds.dwg","Finance a majetek, Infrastruktura, Životní prostředí",Technické,Před krizí – prevence,Projekt MITEXTREM (CZ případová studie),Ověřeno v praxi,approved,"udrzitelne mestske drenazni systemy (suds)|brno, ceska republika|privalove deste, povodne"
4,Integrované systémy včasného varování před meteorologickými riziky,"Vícenásobné extrémy, Přívalové deště, Vlny veder, Povodně, Silný vítr",Region,Česká republika (celostátní),49.75,15.0,Vysoké (5-50 mil. Kč),Dlouhodobá (3-10 let),"Komplexní systém včasného varování kombinující automatické meteorologické stanice ČHMÚ po celé ČR, predikční modely ALADIN a AROME, mobilní aplikaci ČHMÚ, jednotný varovný systém (JVVS) s místními sirénami a distribucí přes média. Poskytuje varování s předstihem 12-72 hodin pro běžné jevy, 3-6 hodin pro konvektivní jevy. Hustota stanic: 1 AWS na 300 km² území.","Snížení počtu obětí o 85-90% při správném využití varování, zabránění škodám v rozsahu 460 mil. - 2,7 mld. Kč ročně, návratnost investice 4-36:1, dostupnost informací pro 100% populace díky více komunikačním kanálům, automatizované rozesílání výstrah do 5 minut, geolokační cílení výstrah, integrace s evropským systémem Meteoalarm.","Závislost na přesnosti numerických modelů (spolehlivost 70-85%), možné falešné poplachy (5-15% případů), technické selhání komunikačních sítí během extrémních jevů, nutnost pravidelné aktualizace technologií každých 5-7 let, požadavky na kontinuální školení operátorů (40 hod/rok), nedostatečná reakce veřejnosti (30-50% lidí nejedná).",1. Instalace automatických meteorologických stanic s hustotou 1/400 km² 2. Implementace numerických predikčních modelů 3. Vývoj rozhodovacích algoritmů pro automatické výstrahy 4. Integrace s JVVS 5. Vývoj mobilní aplikace 6. Testování systému čtvrtletními zkouškami 7. Vzdělávací kampaň 8. 24/7 provoz dispečinku,Český hydrometeorologický ústav,"RNDr. Radmila Broža, broza@chmi.cz, +420 244 032 722",ČHMÚ (2023). Zpráva o činnosti systémů včasného varování. https://www.chmi.cz/files/portal/docs/meteo/ov/ Zákon č. 254/2001 Sb. o vodách | WMO Early Warning | ČHMÚ (Czech Met Service) | FEMA Warning Systems | EU Civil Protection,2024-08-27,"system_architektura.pdf, varování_protokoly.docx, evaluace_2023.xlsx, mobilni_app_manual.pdf",Finance a majetek,Technické,"Přímo v krizi – krátkodobá reakce, Připravenost systému (IZS)",Projekt MITEXTREM (CZ případová studie),Ověřeno v praxi,approved,"integrovane systemy vcasneho varovani pred meteorologickymi riziky|ceska republika (celostatni)|vicenasobne extremy, privalove deste, vlny veder, povodne, silny vitr"
5,Systémy sběru a využití dešťové vody pro bytové domy,"Sucho, Přívalové deště",Budova,"Ostrava, Česká republika",49.8209,18.2625,Nízké (<500 tis. Kč),Krátkodobá (<1 rok),"Systém pro sběr a skladování dešťové vody ze střech bytových domů v podzemních či nadzemních nádržích pro použití při splachování toalet, mytí podlah, zavlažování zelených ploch. Zahrnuje okapové svody, filtr prvního oplavu, akumulační nádrž 3-8 m³, čerpadlo s tlakovým spínačem. Efektivita sběru 85-95%.","Úspora pitné vody 30-50% domácnosti při využití pro WC, úklid a zalévání, roční úspora 15-25 tis. Kč na poplatcích pro bytový dům s 20 byty, návratnost investice 4-8 let, snížení zátěže kanalizace o 25-40%, nezávislost na výpadcích vodovodní sítě, zlepšení mikroklimatu okolí budovy, kvalitní voda pro rostliny bez chlóru.","Kvalita vody závisí na materiálu střechy a znečištění ovzduší, nutnost pravidelné údržby filtru každé 3 měsíce, omezená kapacita skladování 3-12 týdnů sucha, sezónní nerovnoměrnost (70% srážek duben-říjen), riziko zamrznutí venkovních rozvodů, možný zápach při dlouhodobém skladování, potřeba záložního zdroje při delším suchu.",1. Výpočet potenciálu sběru podle plochy střechy a srážkových dat 2. Dimenzování nádrže podle spotřeby (40-80 l/os) 3. Výběr vhodné lokality nádrže 4. Instalace filtru prvního oplavu 5. Osazení ponorného čerpadla 6. Propojení s rozvodem pro WC 7. Instalace indikátoru hladiny 8. Testování systému a školení správce,Ostravské vodárny a kanalizace a.s.,"Ing. Martina Krejčí, krejci@ovak.cz, +420 596 696 111","Hlavínek, P. et al. (2022). Hospodaření s dešťovými vodami v městském prostředí. VUT Brno. https://www.ovak.cz/sluzby/destova-voda/ ČSN 75 6760 Vnitřní vodovody | EPA Rainwater Harvesting | DOE Rain Barrels Guide | U Minnesota Rain Gardens | USDA Pond Standards",2024-08-27,"dimenzovaci_vypocty.xlsx, technické_reseni.pdf, nakladove_srovnani.docx, manual_udrzby.pdf","Finance a majetek, Budovy, Infrastruktura, Životní prostředí",Technické,Před krizí – prevence,Projekt MITEXTREM (CZ případová studie),Ověřeno v praxi,approved,"systemy sberu a vyuziti destove vody pro bytove domy|ostrava, ceska republika|sucho, privalove deste"
6,Propustné dlážděné povrchy pro parkování a pěší zóny,"Přívalové deště, Povodně",Čtvrť,"České Budějovice, Česká republika",48.9744,14.4743,Střední (500 tis. - 5 mil. Kč),Krátkodobá (<1 rok),"Použití propustných betonových dlaždic s povrchem propustným pro vodu (koeficient propustnosti >10⁻⁵ m/s) na parkovištích, chodnících a náměstích. Systém zahrnuje propustnou dlažbu, filtrační vrstvu z písku a štěrku (30-50 cm), geotextilii a podloží. Eliminuje povrchový odtok při srážkách do 30 mm/hod.","Snížení povrchového odtoku o 95-98% při běžných deštích (do 25 mm/hod), pomalé uvolňování vody do půdy a podzemních vod, snížení zátěže kanalizace o 60-80%, eliminace kaluží a námraz, snížení teploty povrchu o 2-5°C oproti asfaltu, zachování přirozené infiltrace, dlouhá životnost 25-30 let, možnost recyklace materiálu.","Vyšší počáteční náklady 1,5-2× oproti běžné dlažbě (1200-2500 Kč/m²), riziko zanesení pórů jemnými sedimenty a solí, nutnost specializované údržby pomocí vysávání 2× ročně, omezená nosnost pro těžkou dopravu (max. 40t/náprava), možné problémy s posypovými materiály v zimě, nevhodnost pro svahy >5%.",1. Průzkum geotechnických vlastností podloží a propustnosti 2. Návrh skladby dle ČSN EN 1338 3. Příprava podkladu s kontrolovaným zhutněním 4. Pokládka geotextilie 300g/m² a štěrkové vrstvy 5. Hutnění po vrstvách 6. Pokládka propustných dlaždic na pískové lože 7. Zásyp spár drceným kamenivem 8. Finální zhutnění a kontrolní zkouška,"Město České Budějovice, Odbor dopravy","Ing. Roman Čech, cech@c-budejovice.cz, +420 386 801 234","Bačuvčík, M. et al. (2023). Propustné zpevněné plochy v městském prostředí. Vodohospodářské technickoekonomické informace, 65(2):12-18. ČSN EN 1338 Betonové dlažební prvky | EPA Permeable Pavement | FHWA Porous Pavement | USDA Underground Outlets | Penn State Extension",2024-08-27,"geotechnicky_pruzkum.pdf, detail_skladby.dwg, zkousky_propustnosti.xlsx, udrzba_manual.docx","Finance a majetek, Infrastruktura",Technické,Před krizí – prevence,Projekt MITEXTREM (CZ případová studie),Ověřeno v praxi,approved,"propustne dlazdene povrchy pro parkovani a pesi zony|ceske budejovice, ceska republika|privalove deste, povodne"
7,Cloudburst Management Plan (blue–green corridors),"Přívalové deště, Povodně",Město,"Kodaň, Dánsko",55.6761,12.5683,Vysoké (5-50 mil. Kč),Kontinuální (>10 let),"Celoměstský plán ochrany Kodaně před přívalovými dešti, přijatý v roce 2012 v reakci na extrémní déšť z 2. 7. 2011 (přes 150 mm srážek za necelé 2 hodiny), který způsobil pojištěné škody přes 6 mld. DKK (cca 0,8–1 mld. EUR). Plán rozděluje město do 7 povodí a předpokládá cca 300 dílčích projektů realizovaných po dobu minimálně 20 let (cca 15 projektů ročně) s celkovou investicí 11–13 mld. DKK (cca 1,6 mld. EUR). Základem jsou povrchová modro-zelená opatření: „cloudburst roads“ (ulice profilované jako řízené odtokové koridory), retenční ulice a náměstí, zelené ulice a parky sloužící jako retenční prostory; tam, kde povrchové řešení nestačí, se budují podzemní tunely. Cílovým standardem je, aby při stoletém dešti nestála na ulicích voda výše než 10 cm. Realizaci zajišťuje město Kodaň společně s vodárenskou společností HOFOR; povrchová řešení spolufinancuje město a soukromí vlastníci, trubní část se hradí z vodného (navýšení cca 890 DKK na domácnost ročně).","Ochrana celého města proti stoletému přívalovému dešti (max. 10 cm vody na terénu) a prevence opakování škod typu roku 2011 (přes 6 mld. DKK). Kombinované povrchové řešení vyšlo v analýze města o cca 7 mld. DKK levněji než čistě kanalizační varianta (13 vs. 20 mld. DKK) a navíc vytváří kvalitnější veřejný prostor, zeleň a ochlazení ulic. Přínos mají obyvatelé a vlastníci nemovitostí v záplavou ohrožených částech města, pojišťovny i správci infrastruktury; plán se stal celosvětovým vzorem (převzat mj. New Yorkem).","Extrémně dlouhá realizace (20 a více let) – do dokončení klíčových koridorů zůstává významné reziduální riziko; při dešti nad návrhovou úroveň dojde k zaplavení i tak. Vyžaduje trvalou koordinaci města, vodáren (HOFOR) a soukromých vlastníků; ochranu jednotlivých budov (zpětné klapky, prahy) musí hradit majitelé sami. Náklady se promítají do vodného, což dopadá plošně na domácnosti. Povrchové koridory vyžadují pravidelnou údržbu vpustí, koryt a zeleně a zásahy do dopravního uspořádání ulic. Přenositelnost do ČR omezuje odlišný model financování (v ČR nelze retenci hradit z vodného stejným způsobem) – princip mapování odtokových koridorů a etapizace je ale plně použitelný.","1. Zmapovat odtokové cesty a rozdělit město na povodí (hydraulický model povrchového odtoku). 2. Stanovit návrhový standard ochrany (např. stoletý déšť, max. 10 cm vody na ulici). 3. Pro každé povodí navrhnout kombinaci odtokových ulic, retenčních prostorů a zelených prvků; tunely jen kde povrch nestačí. 4. Porovnat náklady s čistě kanalizační variantou a dohodnout rozdělení financování mezi město, vodárny a vlastníky. 5. Sestavit zásobník projektů (cca 300) a etapizovat na 20+ let podle rizika a synergií s plánovanými rekonstrukcemi. 6. Realizovat prioritní projekty a průběžně je vyhodnocovat po přívalových událostech. 7. Pravidelně udržovat vpusti, koryta a vegetaci a aktualizovat plán podle klimatických scénářů.",City of Copenhagen,,Cloudburst Management Plan 2012 (PDF) | https://international.kk.dk/sites/default/files/2021-09/Cloudburst%20Management%20plan%202010.pdf | C40 Good Practice: Copenhagen Cloudburst Management Plan | https://www.c40.org/case-studies/c40-good-practice-guides-copenhagen-cloudburst-management-plan/ | Climate-ADAPT/AdapteCCa: ekonomika kodaňského plánu | https://adaptecca.es/en/casos-practicos/economics-managing-heavy-rains-and-stormwater-copenhagen-cloudburst-management-plan,,,"Finance a majetek, Infrastruktura, Životní prostředí",Kombinované,Připravenost systému (IZS),Zahraniční praxe (převzato ze zdroje),Převzato ze zdroje,approved,"cloudburst management plan (blue–green corridors)|kodan, dansko|privalove deste, povodne"
8,Waterplein Benthemplein (vodní náměstí),Přívalové deště,Čtvrť,"Rotterdam, Nizozemsko",51.9244,4.4777,Vysoké (5-50 mil. Kč),Střednědobá (1-3 roky),"První velké „vodní náměstí“ na světě, dokončené v prosinci 2013 v centru Rotterdamu podle návrhu ateliéru De Urbanisten ve spolupráci s městem a vodním svazem Schieland en de Krimpenerwaard. Náměstí tvoří tři zapuštěné betonové nádrže: dvě mělké zachycují vodu z okolních střech a ploch při běžných deštích, třetí hluboká (sportovní hřiště) se plní jen při intenzivních srážkách. Dohromady zadrží až 1,7 milionu litrů (1 700 m³) dešťové vody, kterou po opadnutí deště řízeně odpouští do kanalizace a zasakuje; voda je po náměstí vedena viditelnými nerezovými žlaby. Mimo déšť slouží prostor jako hřiště na basketbal a fotbal, skatepark a amfiteátr pro sousední školy. Realizace trvala cca 2 roky, náklady činily zhruba 4,5 mil. EUR; provoz zajišťuje město Rotterdam s vodním svazem.","Retence až 1 700 m³ vody odlehčuje jednotné kanalizaci a snižuje riziko zaplavení sklepů a ulic v okolní hustě zastavěné čtvrti, kde není místo na klasické poldry. Na rozdíl od podzemní nádrže plní pozemek dvojí funkci – po většinu roku je to intenzivně využívaný sportovní a pobytový prostor pro studenty okolních škol a obyvatele. Projekt viditelně komunikuje hospodaření s dešťovou vodou veřejnosti a stal se celosvětově kopírovaným vzorem víceúčelové retence.","Po každé větší srážce je nutné čištění nádrží a žlabů od sedimentů a odpadků; z hygienických důvodů musí být voda odpuštěna během cca 36 hodin (riziko stojaté vody, kluzkých povrchů a úrazů). Betonové řešení je investičně dražší na m³ retence než zatravněný průleh – hodí se jen tam, kde je nedostatek prostoru a poptávka po veřejném prostoru. Kapacita 1 700 m³ chrání okolní bloky, nikoli celé povodí; při extrémním dešti se náměstí přeplní a voda odtéká po povrchu. V ČR je princip přenositelný (školní dvory, sídlištní vnitrobloky), vyžaduje ale dohodu města a správce kanalizace o provozu a úklidu a design odolný vandalismu.","1. Vytipovat zpevněné veřejné prostranství v povodí přetěžované kanalizace (ideálně u školy či sportoviště). 2. Hydraulicky nadimenzovat objem nádrží podle připojených střech a ploch a návrhového deště. 3. Navrhnout výškové řešení pánví a viditelné vedení vody (žlaby, chrliče) spolu s budoucími uživateli (participace škol a mládeže). 4. Dohodnout napojení na kanalizaci/zasakování a rozdělení provozních rolí mezi město a správce sítě. 5. Realizovat stavbu včetně sportovního vybavení a bezpečnostních prvků. 6. Nastavit provozní řád: vyprázdnění do 36 h, čištění vpustí a nádrží po přívalech, zimní režim. 7. Monitorovat funkci při deštích a komunikovat ji veřejnosti.",Gemeente Rotterdam,,De Urbanisten – Watersquare Benthemplein | https://www.urbanisten.nl/work/benthemplein | Gemeente Rotterdam | https://www.rotterdam.nl/benthemplein,,,"Infrastruktura, Obyvatelé a komunita",Technické,Před krizí – prevence,Zahraniční praxe (převzato ze zdroje),Převzato ze zdroje,approved,"waterplein benthemplein (vodni namesti)|rotterdam, nizozemsko|privalove deste"
9,„Kühle Meile“ Zieglergasse (klima‑ulice),Vlny veder,Čtvrť,"Vídeň, Rakousko",48.2082,16.3738,Vysoké (5-50 mil. Kč),Střednědobá (1-3 roky),"První „klimaticky adaptovaná ulice“ Vídně – přestavba cca 1 km dlouhé Zieglergasse v 7. okrese (Neubau), realizovaná v letech 2019–2020 městem Vídeň (správa komunikací) společně s vedením okresu podle návrhu DnD Landschaftsplanung. Ulice, dříve tepelný hotspot bez zeleně, dostala 24 nových stínících stromů, 4 „chladicí oblouky“ s vodní mlhou, pítka pro lidi i zvířata, světlejší povrchy odrážející sluneční záření, rozšířené chodníky, 150 stojanů na kola a zklidnění dopravy. Náklady se pohybovaly v řádu nižších jednotek milionů EUR (cca 2 mil. EUR). Projekt je součástí vídeňské strategie proti městskému tepelnému ostrovu a stal se vzorem pro desítky dalších „coole Straßen“ po celé Vídni.","Kombinace stínu stromů, mlžících oblouků a světlých povrchů snižuje pocitovou teplotu v uličním profilu o několik °C v horkých dnech (mlha až o cca 6 °C v bezprostředním okolí prvku); pítka a stín snižují tepelný stres zejména u seniorů, dětí a chodců. Přínosem je i zklidnění dopravy a kvalitnější parter pro místní obchody. Jako pilotní projekt poskytl městu ověřené technické detaily (výsadbové jámy, mlžení, povrchy), které Vídeň replikuje v dalších ulicích.","Vodní prvky fungují jen sezónně a vyžadují pravidelný servis (hygiena rozvodů, riziko legionel, zazimování) i spotřebu pitné vody; mladé stromy poskytnou plný stín až po letech a v prvních sezónách vyžadují zálivku. Přestavba znamená úbytek parkovacích míst, což vyvolává odpor části rezidentů a podnikatelů. Náklady na 1 km ulice jsou vysoké (miliony EUR) a efekt je lokální – bez plošné replikace tepelný ostrov města neřeší. V ČR je opatření dobře přenositelné do kompaktních čtvrtí, limitem bývají inženýrské sítě pod chodníky bránící výsadbě stromů.","1. Identifikovat tepelné hotspoty pomocí termálních map a dat o zranitelných obyvatelích. 2. Prověřit polohy inženýrských sítí a možnosti výsadby vzrostlých stromů. 3. Navrhnout kombinaci stínu (stromy, oblouky), vody (mlžení, pítka) a světlých povrchů; projednat s rezidenty úbytek parkování. 4. Realizovat stavbu po úsecích s minimalizací uzavírek. 5. Zajistit zálivku stromů a sezónní provoz vodních prvků (spuštění, dezinfekce, zazimování). 6. Měřit teploty před/po a spokojenost obyvatel. 7. Standardizovat ověřené detaily pro replikaci v dalších ulicích.",Stadt Wien,,Stadt Wien – Kühle Meile Zieglergasse | https://www.wien.gv.at/neubau/zieglergasse | wien.ORF.at – Zieglergasse wird zur „kühlen Meile“ | https://wien.orf.at/v2/news/stories/2975692/ | Stadt Wien – Hitze in Wien | https://www.wien.gv.at/thema/hitze/hitze-in-wien.html,,,Zdraví,Technické,Před krizí – prevence,Zahraniční praxe (převzato ze zdroje),Převzato ze zdroje,approved,"„kuhle meile“ zieglergasse (klima‐ulice)|viden, rakousko|vlny veder"
10,Barcelona Superblocks (Superilla),"Vlny veder, Vícenásobné extrémy",Čtvrť,"Barcelona, Španělsko",41.3874,2.1686,Vysoké (5-50 mil. Kč),Dlouhodobá (3-10 let),"Model reorganizace uliční sítě, kdy se skupina cca 3×3 bloků barcelonské šachovnice (Eixample) uzavře pro tranzitní automobilovou dopravu; vnitřní ulice s režimem 10–20 km/h se mění na pobytový prostor se zelení, stromy a mobiliářem, doprava zůstává na obvodu. Pilotní superbloky vznikly v Poblenou (2016), Sant Antoni (2018) a Horta; městský plán počítá až s 503 superbloky na území celého města. Od roku 2022 město koncept rozvíjí formou „zelených os“ – v Eixample byly přestavěny 4 osy (mj. Carrer del Consell de Cent) a 4 náměstí za cca 53 mil. EUR, čímž přibylo přes 30 000 m² pěších ploch se stromy a propustnými povrchy. Program řídí Ajuntament de Barcelona; jednotlivé superbloky vznikají etapově, často nejprve levnými „taktickými“ úpravami (barvy, květináče) a poté definitivní přestavbou.","Podle studie ISGlobal by plné rozvinutí modelu (503 superbloků) předešlo cca 667 předčasným úmrtím ročně (291 díky čistšímu vzduchu, 163 nižšímu hluku, 117 zmírnění tepelného ostrova, 36 vyšší fyzické aktivitě), snížilo NO₂ o 24 % (ze 47 na 36 µg/m³), hluk z dopravy z 54 na 51 dB a prodloužilo střední délku života o téměř 200 dní; ekonomický přínos je odhadován na 1,7 mld. EUR ročně. Stín stromů a odstranění dopravy snižují teplotu vnitřních ulic během veder a vytvářejí pobytový prostor pro rezidenty, děti a seniory.","Tranzitní doprava se zčásti přesouvá na obvodové ulice, kde může zhoršit hluk a emise; bez kvalitního dopravního modelu hrozí kongesce. Atraktivnější prostředí zvyšuje nájmy a ceny bytů (riziko gentrifikace a vytlačení původních obyvatel). Projekt naráží na odpor části řidičů a podnikatelů a je citlivý na politické cykly – po komunálních volbách 2023 město další zelené osy pozastavilo. Ochlazovací efekt závisí na skutečné výsadbě stromů a propustných površích, ne jen na dopravním režimu. V ČR je model přenositelný hlavně do čtvrtí s pravidelnou uliční sítí; vyžaduje robustní participaci a etapizaci.","1. Vybrat čtvrť s hustou uliční sítí a alternativními obvodovými trasami; zpracovat dopravní model. 2. Projednat záměr s rezidenty a podnikateli, vyjasnit zásobování a parkování. 3. Zavést pilotně „taktickou“ úpravu (dopravní režim 10–20 km/h, barvy, mobiliář, květináče) s nízkými náklady. 4. Měřit dopravu, hluk, kvalitu ovzduší a využití prostoru před/po pilotu. 5. Na základě vyhodnocení realizovat definitivní přestavbu se stromy, zelení a propustnými povrchy. 6. Škálovat na další bloky/osy podle priorit (školy, zranitelní obyvatelé, tepelné hotspoty). 7. Průběžně udržovat zeleň a vyhodnocovat zdravotní a dopravní dopady.",Ajuntament de Barcelona,,Ajuntament de Barcelona – Superilles | https://ajuntament.barcelona.cat/superilles/en | ISGlobal – Superblocks model could prevent almost 700 premature deaths every year | https://www.isglobal.org/en/-/el-proyecto-original-de-las-supermanzanas-podria-evitar-cerca-de-700-muertes-prematuras-anuales-en-barcelona,,,"Zdraví, Infrastruktura",Technické,Před krizí – prevence,Zahraniční praxe (převzato ze zdroje),Převzato ze zdroje,approved,"barcelona superblocks (superilla)|barcelona, spanelsko|vlny veder, vicenasobne extremy"
11,Klimatická útočiště ve školách (Climate Shelters),Vlny veder,Budova,"Barcelona, Španělsko",41.3874,2.1686,Vysoké (5-50 mil. Kč),Střednědobá (1-3 roky),"Přeměna přehřátých asfaltových školních dvorů na „klimatická útočiště“ – pilotní projekt GBG_AS2C financovaný z evropské iniciativy Urban Innovative Actions (ERDF cca 4 mil. EUR, tj. průměrně kolem 0,36 mil. EUR na školu), realizovaný Ajuntament de Barcelona v letech 2019–2021 na 11 základních školách. Na každém dvoře byla kombinována „zelená“ opatření (stromy, záhony, přes 4 500 m² nové zeleně), „modrá“ (pítka, vodní herní prvky, hospodaření s dešťovou vodou) a „šedá“ (stínicí plachty, pergoly, světlé povrchy místo asfaltu). Upravené dvory slouží 4 500 dětem během výuky a mimo vyučování a o prázdninách se otevírají veřejnosti jako ochlazovací místa; areály se zapojily do celoměstské sítě klimatických útočišť (parky, knihovny, muzea), která v roce 2023 čítala přes 200 lokalit. Návrh každého dvora vznikal participativně s žáky a učiteli.","Stín, vegetace a voda snižují povrchové i pocitové teploty dvorů o několik °C a prodlužují dobu, kdy lze dvůr v horku bezpečně užívat; z pilotu přímo profituje 4 500 dětí a o letních prázdninách i okolní obyvatelé (na hřištích proběhly příměstské tábory pro 1 350 dětí). Zeleň zároveň zadržuje dešťovou vodu a odlehčuje kanalizaci. Rovnoměrné rozmístění škol po městě dělá z dvorů ideální síť veřejně přístupných ochlazovacích míst v docházkové vzdálenosti – model je přímo přenositelný do českých měst.","Otevření školních areálů veřejnosti vyžaduje dozor, úklid a řešení odpovědnosti za úrazy a vandalismus (provozní náklady nese město/škola). Vzrostlý stín se dostaví až po letech růstu stromů; do té doby je nutná zálivka a ochrana výsadeb, vodní prvky vyžadují hygienický servis. Přestavba jednoho dvora stojí řádově stovky tisíc EUR, což při plošném rozšíření znamená značné investice. Útočiště pomáhají během dne, neřeší ale noční horko v bytech ani nejzranitelnější skupiny, které se k nim nedostanou; efekt závisí na komunikaci sítě veřejnosti.","1. Vybrat školy podle tepelné zátěže dvorů a zranitelnosti okolní populace. 2. Zapojit žáky, učitele a rodiče do participativního návrhu. 3. Navrhnout mix zelených (stromy, záhony), modrých (pítka, vodní prvky, retence) a šedých (stínění, světlé povrchy) opatření. 4. Realizovat přestavbu o prázdninách, aby nebyla omezena výuka. 5. Nastavit režim letního otevření veřejnosti (dozor, úklid, pojištění) a zapojit dvory do městské sítě klimatických útočišť. 6. Zajistit zálivku, údržbu zeleně a servis vodních prvků. 7. Monitorovat teploty a využívání a výsledky použít pro rozšíření na další školy.",Ajuntament de Barcelona,,Ajuntament de Barcelona – Climate shelters in schools | https://www.barcelona.cat/barcelona-pel-clima/en/climate-shelters-schools | Urban Innovative Actions – GBG_AS2C Barcelona | https://uia.urban-initiative.eu/en/uia-cities/barcelona-call3,,,"Zdraví, Budovy, Životní prostředí",Technické,"Před krizí – prevence, Přímo v krizi – krátkodobá reakce",Zahraniční praxe (převzato ze zdroje),Převzato ze zdroje,approved,"klimaticka utociste ve skolach (climate shelters)|barcelona, spanelsko|vlny veder"
12,Thames Barrier (přílivová bariéra),Povodně,Region,"Londýn, Velká Británie",51.5074,-0.1278,Vysoké (5-50 mil. Kč),Dlouhodobá (3-10 let),"Pohyblivá protipovodňová bariéra na Temži u Woolwiche chránící centrální Londýn před přílivovými bouřkovými přílivy (storm surge) ze Severního moře. Stavěla se v letech 1974–1982 za cca 535 mil. GBP (v dnešních cenách přes 1,5 mld. GBP), v provozu je od roku 1982 (oficiálně otevřena 1984). Bariéra je 520 m široká a tvoří ji 10 ocelových vrat; hlavní otočná vrata jsou 61 m dlouhá, váží 3 300 tun a ve vztyčené poloze dosahují výšky pětipodlažní budovy. Uzavírá se na základě předpovědí přílivu a průtoků – od zprovoznění do listopadu 2025 celkem 221krát (119× proti přílivové povodni, 102× v kombinaci s vysokými říčními průtoky). Provozuje ji Environment Agency; kromě ostrých uzávěrů probíhá měsíční testovací uzavření a jednou ročně úplná zkouška. Chrání 125 km² centrálního Londýna – cca 1,4 mil. obyvatel a majetek v hodnotě přes 300 mld. GBP.","Ochrana 125 km² centrálního Londýna, cca 1,4 mil. obyvatel a majetku za více než 300 mld. GBP včetně kritické infrastruktury (metro, nemocnice, vládní budovy); 221 uzávěrů dokládá pravidelné odvracení škod, které by při jediné velké povodni šly do desítek miliard GBP (motivací byla povodeň 1953 s více než 300 oběťmi). Spolehlivá ochrana umožnila rozvoj nábřežních čtvrtí (Docklands, Canary Wharf). Dle plánu Thames Estuary 2100 bariéra při postupných úpravách udrží standard ochrany zhruba do roku 2070.","Extrémní investiční náklady a trvalé provozní výdaje (údržba, posádka, testy – řádově miliony GBP ročně) – řešení jen pro největší aglomerace; kategorie nákladnosti v této databázi je u tohoto typu staveb řádově překročena. Se zvyšováním hladiny moře roste četnost uzávěrů, přibližuje se konstrukčním limitům bariéry a do cca 2070 musí být rozhodnuto o nástupci (plán TE2100). Při uzavření je omezena lodní doprava; chybná či pozdní předpověď znamená reziduální riziko, stejně jako déšť a průtoky nad návrhové parametry. Do ČR je přenositelný princip mobilních hrazení a provozu podle předpovědního systému (viz pražské protipovodňové hrazení), nikoli přílivová bariéra jako taková.","1. Analyzovat riziko extrémních hladin (u ČR říčních povodní) a hodnotu chráněného majetku. 2. Zvolit koncept pohyblivého hrazení, které neomezuje běžný provoz řeky. 3. Zajistit financování a víceletou výstavbu s nezávislým dozorem. 4. Vybudovat předpovědní a rozhodovací systém pro včasné uzavírání (napojení na meteorologickou a hydrologickou službu). 5. Nastavit pravidelné testovací uzávěry (měsíčně) a plán preventivní údržby. 6. Vyhodnocovat každé uzavření a aktualizovat provozní pravidla. 7. Dlouhodobě plánovat adaptaci na růst hladiny (obdoba Thames Estuary 2100).",Environment Agency,,"GOV.UK – The Thames Barrier | https://www.gov.uk/guidance/the-thames-barrier | ICE – The past, present and future of the Thames Barrier | https://www.ice.org.uk/news-views-insights/inside-infrastructure/the-past-present-and-future-of-the-thames-barrier",,,"Finance a majetek, Infrastruktura",Technické,"Před krizí – prevence, Přímo v krizi – krátkodobá reakce",Zahraniční praxe (převzato ze zdroje),Převzato ze zdroje,approved,"thames barrier (prilivova bariera)|londyn, velka britanie|povodne"
13,Grey to Green (dešťové zahrady a propustné plochy),"Přívalové deště, Vlny veder",Čtvrť,"Sheffield, Velká Británie",53.3811,-1.4701,Vysoké (5-50 mil. Kč),Střednědobá (1-3 roky),"Přeměna nadbytečné čtyřproudé komunikace v centru Sheffieldu (oblast West Bar–Castlegate, zaplavená při povodni v červnu 2007) na cca 1,3 km dlouhou „zelenou ulici“ – největší souvislý projekt tohoto typu ve Velké Británii. Fáze 1 (2014–2016, 3,6 mil. GBP) proměnila úsek West Bar, Bridge Street a Snig Hill; fáze 2 (2019–2022, 6,3 mil. GBP) navázala v Exchange Place, Castlegate a Angel Street. Uvolněné jízdní pruhy nahradily průběžné dešťové záhony a průlehy s trvalkovými výsadbami (návrh s prof. Nigelem Dunnettem z University of Sheffield), stromy, propustné povrchy a nový mobiliář; srážková voda z okolních zpevněných ploch se svádí do záhonů, kde se zdržuje, čistí a zpomaleně odtéká do řeky Don. Investorem je Sheffield City Council s financováním ERDF, Sheffield City Region a Yorkshire Water.","Lineární SUDS zadržuje a čistí odtok z centra, snižuje špičkové průtoky do kanalizace a řeky Don a snižuje riziko opakování povodňových škod z roku 2007; vegetace zároveň ochlazuje ulici během veder. Za cca 10 mil. GBP vzniklo 1,3 km atraktivního veřejného prostoru, který podle města výrazně zvýšil biodiverzitu a nastartoval regeneraci Castlegate (nové byty, kanceláře a podniky podél trasy). Přínos mají vlastníci nemovitostí (nižší riziko), město (image, investice) i chodci a cyklisté.","Trvalkové „stepní“ výsadby vyžadují kvalifikovanou zahradnickou údržbu (ne jen seč), pravidelné čištění vpustí a nátoků – bez trvalého rozpočtu údržby scheme degraduje; první 2–3 roky po výsadbě je kritické zapojení porostu. Opatření snižuje odtok z ulic, ale nechrání před rozlivem samotné řeky Don (nutné samostatné hráze) a při srážce nad návrhový objem se kapacita vyčerpá. Realizace vyžaduje odebrání jízdních pruhů, což je politicky citlivé. V ČR je princip dobře přenositelný na předimenzované městské komunikace; limitem jsou sítě pod vozovkou a zimní posyp solí, který trvalkám škodí.","1. Identifikovat předimenzované komunikace a zpevněné plochy v povodí problémové kanalizace/řeky. 2. Zpracovat dopravní posouzení a uvolnit nadbytečné pruhy. 3. Navrhnout průběžné dešťové záhony a průlehy včetně nátoků, přepadů a skladby souvrství; zvolit odolné trvalkové směsi. 4. Zajistit vícezdrojové financování (fondy, region, vodárenská společnost). 5. Realizovat po etapách a průběžně vyhodnocovat (retence, biodiverzita, ekonomika okolí). 6. Nasmlouvat dlouhodobou odbornou údržbu výsadeb a čištění vpustí. 7. Výsledky komunikovat a replikovat na dalších ulicích.",Sheffield City Council,,Grey to Green Sheffield | https://www.greytogreen.org.uk/background | Climate-ADAPT – Grey to Green Street Design (Sheffield) | https://climate-adapt.eea.europa.eu/en/mission/solutions/mission-stories/grey-to-green-street-design-story21 | UK100 – Grey to Green | https://www.uk100.org/projects/knowledgehub/grey-green-mitigating-flood-risk-and-regenerating-sheffields-city-centre,,,"Infrastruktura, Životní prostředí",Technické,Před krizí – prevence,Zahraniční praxe (převzato ze zdroje),Převzato ze zdroje,approved,"grey to green (destove zahrady a propustne plochy)|sheffield, velka britanie|privalove deste, vlny veder"
14,Blue‑Green Cities (pilotní projekty),Přívalové deště,Město,"Newcastle upon Tyne, Velká Británie",54.9783,-1.6178,Střední (500 tis. - 5 mil. Kč),Dlouhodobá (3-10 let),"Výzkumně-aplikační program Blue-Green Cities (2013–2016, financovaný britskou radou EPSRC, vedený University of Nottingham v konsorciu 9 univerzit včetně Newcastle University), který z Newcastlu učinil národní „demonstrační město“ modro-zelené infrastruktury. Impulsem byly dvě přívalové povodně z roku 2012 (červnový „Toon Monsoon“ a srpnová událost, obě s dobou opakování cca 100 let) se škodami odhadnutými na 78 mil. GBP (34 mil. přímých, 44 mil. nepřímých). Projekt propojil hydraulické modelování vícenásobných přínosů s tzv. Learning and Action Alliance – platformou, kde město, Environment Agency, vodárny Northumbrian Water a univerzity společně plánují opatření. Pilotními/studijními lokalitami byly Newcastle Great Park s SUDS nádržemi v povodí Ouseburnu a čtvrť Wingrove s městským jádrem; na výzkum navázaly projekt Urban Flood Resilience (2016–2019) a National Green Infrastructure Facility v areálu Newcastle Helix, kde se modro-zelené prvky dlouhodobě testují v reálném měřítku.","Měření v Newcastle Great Park prokázala, že SUDS nádrže zachytí 54 % nerozpuštěných sedimentů a zlepšují biodiverzitu (vyšší druhová bohatost bezobratlých); 90 % z 299 dotázaných rezidentů hodnotilo retenční nádrže kladně. Simulace pro Wingrove a centrum ukázaly, že modro-zelená infrastruktura znatelně snižuje rozsah zaplavení oproti čistě trubnímu řešení. Hlavním přenositelným přínosem je metodika oceňování vícenásobných přínosů (retence + rekreace + biodiverzita + hodnota nemovitostí) a model spolupráce správců přes Learning and Action Alliance, který odblokovává investice.","Jde o výzkumně-pilotní program, nikoli plošnou realizaci – přínosy mimo pilotní lokality jsou zatím modelové; udržitelnost závisí na navazujícím financování po skončení grantu. Identifikované bariéry: neochota správců k nestandardním řešením, rozdělené kompetence (město vs. vodárny vs. Environment Agency) a nejasná odpovědnost za údržbu SUDS prvků. Monitorování vyžaduje dlouhé časové řady a odborné kapacity univerzit. V ČR je model přenositelný (spolupráce města, Povodí, VaK a univerzit), naráží však na obdobně roztříštěné kompetence ve vodním hospodářství.","1. Po významné povodňové události iniciovat alianci města, správců vodní infrastruktury, státní agentury a univerzit (Learning and Action Alliance). 2. Definovat společnou vizi modro-zeleného města a demonstrační lokality. 3. Sestavit hydraulické modely a scénáře kombinující SUDS, zelené ulice a retenční prostory. 4. Realizovat a instrumentovat pilotní opatření (nádrže, průlehy) a dlouhodobě měřit průtoky, sedimenty a biodiverzitu. 5. Ocenit vícenásobné přínosy a předložit je rozhodovatelům. 6. Vyjasnit odpovědnost za údržbu prvků mezi městem a vodárnami. 7. Přenést ověřené postupy do standardů městského plánování a dalších investic.",Newcastle University / University of Nottingham (konsorcium Blue-Green Cities),,Blue-Green Cities Research Project | http://www.bluegreencities.ac.uk/ | Newcastle as Demonstration City | http://www.bluegreencities.ac.uk/research/newcastle-as-demonstration-city.aspx | Newcastle University – Blue-Green Cities case study | https://ncl.ac.uk/engineering/research/research-case-studies/water/blue-green-cities,,,"Infrastruktura, Životní prostředí",Kombinované,Před krizí – prevence,Zahraniční praxe (převzato ze zdroje),Pilot,approved,"blue‐green cities (pilotni projekty)|newcastle upon tyne, velka britanie|privalove deste"
15,Ekostadt Augustenborg (SUDS + zelené střechy),Přívalové deště,Čtvrť,"Malmö, Švédsko",55.605,13.0038,Vysoké (5-50 mil. Kč),Dlouhodobá (3-10 let),"Komplexní retrofit sídliště Augustenborg z 50. let (cca 32 ha, cca 3 000 obyvatel), které opakovaně zaplavovala přetížená jednotná kanalizace. V rámci programu Ekostaden Augustenborg (1998–2002, hlavní vodohospodářské prvky 1999–2000) město Malmö s bytovou společností MKB a vodárnami vybudovalo otevřený systém hospodaření s dešťovou vodou: 6 km povrchových kanálků a příkopů, 10 retenčních nádrží a přes 11 000 m² zelených střech včetně 9 000 m² botanické střešní zahrady (sídlo Scandinavian Green Roof Institute). Do otevřeného systému je svedeno cca 90 % srážek ze střech a zpevněných ploch čtvrti. Celkové náklady činily cca 200 mil. SEK (cca 24 mil. EUR), z toho MKB cca 100 mil. SEK, švédský státní program LIP 24 mil. SEK a EU LIFE 6 mil. SEK; zbytek neslo město.","Otevřený systém odvedl z kanalizace cca 90 % dešťového odtoku čtvrti a snížil celkový roční odtok o cca 20 % oproti konvenčnímu řešení; od dokončení sídliště prakticky přestalo být zaplavováno. Zátěžový test přišel 31. 8. 2014, kdy při přívalovém dešti (přes 100 mm za 6 hodin) byly velké části Malmö pod vodou, zatímco Augustenborg vážným škodám unikl. Vedlejšími přínosy jsou vyšší biodiverzita, atraktivnější prostředí, pokles fluktuace nájemníků a celosvětová reputace čtvrti jako vzoru retrofitu sídlišť – typologicky velmi blízkého českým panelovým sídlištím.","Údržba otevřených kanálků, nádrží a zeleně je cca dvakrát dražší než údržba klasické kanalizace a vyžaduje jasné rozdělení rolí mezi bytovou společnost, město a vodárny – jinak systém zarůstá a zanáší se. Retrofit probíhal za provozu sídliště a vyžadoval intenzivní participaci obyvatel. Kapacita systému je omezená návrhovými parametry; při srážkách nad návrh nebo při zamrzlém/saturovaném povrchu se uplatní jen částečně. Zelené střechy mají omezenou retenci při dlouhotrvajících deštích. Pro ČR je hlavní bariérou vlastnická roztříštěnost (SVJ vs. město vs. VaK) a zajištění dlouhodobého rozpočtu údržby.","1. Vytipovat sídliště s opakovaným zaplavováním z jednotné kanalizace a získat vlastníka bytového fondu jako partnera. 2. Zpracovat masterplan otevřeného odvodnění (kanálky, příkopy, nádrže, zelené střechy) s cílem odpojit maximum ploch od kanalizace. 3. Zajistit vícezdrojové financování (vlastník, město, státní a evropské programy). 4. Zapojit obyvatele do návrhu i realizace (participace zvyšuje akceptaci a péči). 5. Realizovat po etapách za provozu sídliště. 6. Smluvně rozdělit údržbu kanálků, nádrží a střech mezi vlastníka, město a vodárny včetně rozpočtu. 7. Monitorovat odtok a chování systému při přívalech a zkušenosti přenášet na další čtvrti.",Malmö stad,,"Climate-ADAPT – Urban storm water management in Augustenborg, Malmö | https://climate-adapt.eea.europa.eu/en/metadata/case-studies/urban-storm-water-management-in-augustenborg-malmo/ | Smart City Sweden – Augustenborg | https://smartcitysweden.com/best-practice/329/augustenborg-turning-a-troubled-district-into-an-attractive-resilient-eco-city/",,,"Budovy, Životní prostředí",Technické,Před krizí – prevence,Zahraniční praxe (převzato ze zdroje),Převzato ze zdroje,approved,"ekostadt augustenborg (suds + zelene strechy)|malmo, svedsko|privalove deste"
16,Rain Gothenburg (město deště),Přívalové deště,Město,"Göteborg, Švédsko",57.7089,11.9746,Střední (500 tis. - 5 mil. Kč),Dlouhodobá (3-10 let),"Komunikačně-designová iniciativa města Göteborg (2017–2023), spuštěná jako vlajkový projekt oslav 400. výročí města s ambicí stát se „nejlepším městem na světě, když prší“ – v Göteborgu prší v průměru každý třetí den (cca 120 dní v roce). Program vedený kreativním ředitelem Jensem Thomsem Ivarssonem (odbor Kretslopp och vatten) propojuje technickou adaptaci na přívalové deště (město souběžně plánuje strukturální ochranu na stoletý déšť) s architekturou, uměním a vzděláváním: k realizacím patří Regnlekplatsen – dešťové hřiště v parku, kde si děti hrají s tekoucí a stojatou vodou (návrh 02Landskap, mezinárodně oceněno), školní dvůr Torslandaskolan fungující za sucha jako skatepark a za deště jako vodní hřiště, umělecké instalace na dešťové infrastruktuře a sociální projekty. Cílem je, aby každá investice do hospodaření s dešťovou vodou přinášela i pobytovou a estetickou hodnotu.","Program zvyšuje veřejnou akceptaci investic do modro-zelené infrastruktury tím, že z deště (120 dní v roce) dělá využitelnou kvalitu města – retenční prvky se stávají hřišti a uměním, takže neleží ladem po většinu roku. Dešťové hřiště Regnlekplatsen prodlužuje pobyt dětí venku i za deště a slouží zároveň jako retenční a zasakovací prvek. Přenositelný přínos: velmi levná „měkká“ vrstva (design, edukace, značka), která výrazně zlepšuje přijetí nákladných technických opatření u obyvatel i politiků.","Iniciativa sama o sobě nezvyšuje retenční kapacitu města – funguje jen jako nadstavba nad skutečnými technickými projekty (dimenzování na stoletý déšť řeší souběžné městské programy); hrozí, že komunikace předběhne realizaci. Závislost na osobě kreativního lídra a na jubilejním rozpočtu – projekt skončil s oslavami v roce 2023 a tým dlouhodobě upozorňoval na omezené financování. Herní vodní prvky vyžadují údržbu a hygienický dohled. Pro ČR je koncept snadno přenositelný a levný, vyžaduje ale institucionální ukotvení (např. u správce vodohospodářské infrastruktury), aby přežil volební a rozpočtové cykly.","1. Ukotvit iniciativu u správce vodohospodářské infrastruktury a jmenovat kreativního lídra propojujícího techniky, architekty a umělce. 2. Stanovit jednoduchou značku a cíl (např. „nejlepší město, když prší“). 3. Do každé plánované investice do dešťové vody doplnit pobytovou/estetickou funkci (hřiště, umění, edukace). 4. Realizovat viditelné pilotní projekty typu dešťového hřiště a školního dvora. 5. Zapojit školy a veřejnost (programy o dešti, akce za deště). 6. Vyhodnocovat využití prvků a vnímání obyvatel. 7. Zajistit trvalé financování a údržbu nad rámec jednorázové kampaně.",Göteborgs Stad,,"Eurocities – Gothenburg's Jubilee: rain takes the spotlight | https://eurocities.eu/stories/gothenburgs-jubilee-rain-takes-the-spotlight/ | Landezine LILA – Regnlekplatsen, The Rain Playground | https://landezine-award.com/regnlekplatsen-the-rain-playground/",,,"Životní prostředí, Obyvatelé a komunita",Organizační,Před krizí – prevence,Zahraniční praxe (převzato ze zdroje),Převzato ze zdroje,approved,"rain gothenburg (mesto deste)|goteborg, svedsko|privalove deste"
17,"Protipovodňová ochrana hl. m. Prahy (mobilní hrazení, čerpadla)","Povodně, Přívalové deště",Město,"Praha, Česká republika",50.0755,14.4378,Vysoké (5-50 mil. Kč),Dlouhodobá (3-10 let),"Praha po povodních 1997 a 2002 vybudovala jeden z nejrozsáhlejších systémů protipovodňové ochrany v Evropě. Linie ochrany měří po dokončení 19,255 km, z toho 6,795 km tvoří mobilní hliníkové hrazení o výšce 0,2–6,27 m; doplňují je zemní valy, železobetonové stěny a podzemní těsnicí stěny sahající až 12 m do nepropustného podloží. Systém vznikal v osmi etapách v letech 1999–2013 (od Starého Města a Josefova po Zbraslav, Radotín a Troju) a je dimenzován na úroveň povodně z roku 2002 s bezpečnostní rezervou. Součástí jsou uzávěry na kanalizační síti, protipovodňová vrata na Čertovce (ocelová konstrukce o hmotnosti 51 t a délce 23,5 m) a soustava čerpacích stanic pro odvádění vnitřních vod (systém KOMOKO: 13 čerpacích stanic s 25 čerpadly a 8 náhradními zdroji energie; ČS Libeň s kapacitou 20 m³/s).","Účinnost prokázaná v praxi: při povodni 2002 (systém teprve rozestavěn) bylo evakuováno cca 50 000 obyvatel a škody dosáhly ~27 mld. Kč; při srovnatelné povodni 2013 (systém dokončen) klesl počet evakuovaných na 1 279 osob a škody na ~4 mld. Kč. Investice do konce roku 2012 činila 3,9 mld. Kč – odvrácené škody z jediné povodně tedy náklady několikanásobně převýšily. Mobilní hrazení umožňuje mimo povodně zachovat kontakt města s řekou (nábřeží bez trvalých zdí); chráněno je historické centrum (UNESCO) i rezidenční čtvrti.","Mobilní hrazení je nutné postavit včas podle povodňového plánu (předstih hodin až dní) – systém je závislý na spolehlivé předpovědi, skladech dílců a vycvičených týmech; nezbytná jsou pravidelná cvičení a servis (v letech 2018–2022 dalších 126 mil. Kč). Ochrana je dimenzována na návrhovou úroveň – při jejím překročení hrozí náhlé selhání s velkými škodami (reziduální riziko). Linie podél Vltavy neřeší přívalové srážky uvnitř města ani zpětné vzdutí kanalizace bez funkčních uzávěrů. Pocit bezpečí může vést k dalšímu rozvoji zástavby v chráněném záplavovém území.","1. Analýza povodňového rizika a stanovení návrhové úrovně ochrany 2. Etapizace podle priorit (historické centrum → navazující čtvrti) 3. Kombinace pevných prvků (valy, stěny, podzemní těsnění) a mobilního hrazení 4. Osazení uzávěrů kanalizace a čerpacích stanic pro vnitřní vody 5. Manipulační a povodňové plány, sklady dílců hrazení 6. Pravidelná cvičení výstavby hrazení a údržba 7. Průběžná modernizace podle nových hydrologických dat",Magistrát hl. m. Prahy,,Bezpečnostní portál hl. m. Prahy – Ochrana proti povodním | https://bezpecnost.praha.eu/clanky/ochrana-proti-povodnim | Praha dlouhodobě zdokonaluje protipovodňovou ochranu obyvatel (praha.eu) | https://praha.eu/w/praha-dlouhodobe-zdokonaluje-protipovodnovou-ochranu-obyvatel,,,"Infrastruktura, Finance a majetek, Budovy",Technické,"Před krizí – prevence, Připravenost systému (IZS)",Domácí praxe (převzato ze zdroje),Ověřeno v praxi,approved,"protipovodnova ochrana hl. m. prahy (mobilni hrazeni, cerpadla)|praha, ceska republika|povodne, privalove deste"
18,"Brno – protipovodňová opatření na Svratce (promenáda, rozšíření koryta)",Povodně,Město,"Brno, Česká republika",49.1951,16.6068,Vysoké (5-50 mil. Kč),Dlouhodobá (3-10 let),"Přírodě blízká protipovodňová ochrana na 3,1 km úseku Svratky mezi viaduktem na Uhelné a Riviérou (Pisárky, Staré Brno, Štýřice). Namísto souvislých zdí bylo koryto rozšířeno, odstraněno nevhodné břehové opevnění a vytvořeny snížené bermy s mokřadem a tůněmi; ochranu doplňují hráze a stěny s převýšením 30 cm nad hladinou stoleté povodně (Q100 = 395 m³/s). Součástí je nové nábřeží s promenádní kolonádou, bezbariérovým přístupem, cyklostezkami a pěšími cestami. Postup: studie a mezinárodní soutěž 2009–2017, projektová příprava 2018–2020, realizace 2022–2025; stavba je dokončena a v režimu předčasného užívání. Financováno z Národního plánu obnovy (EU).",Ochrana cca 6 000 obyvatel a vyjmutí 80 ha území z aktivní záplavové zóny (odblokování rozvoje jižní části centra); zvýšení kapacity koryta na Q100 s rezervou 30 cm; snížené bermy fungují jako řízený rozlivový prostor a zároveň celoročně přístupné nábřeží – kombinace šedé a modrozelené infrastruktury zlepšuje mikroklima i kvalitu veřejného prostoru; mokřad a tůně podporují biodiverzitu v centru města.,Bermy a nábřeží jsou navrženy k záplavě – po povodni je nutný úklid sedimentů a oprava mobiliáře; pravidelná údržba zeleně a kontrol hrází; během výstavby výrazná dopravní a provozní omezení; přírodě blízké řešení je investičně náročnější než prostá zeď a vyžaduje koordinaci města se správcem toku (Povodí Moravy).,"1. Studie proveditelnosti a mezinárodní krajinářská soutěž 2. Projednání s Povodím Moravy a dotčenými orgány 3. Projektová dokumentace a povolení 4. Etapová realizace (rozšíření koryta → bermy → nábřeží a kolonáda) 5. Vegetační úpravy, mokřad a tůně 6. Předčasné užívání a monitoring 7. Plán údržby berm, hrází a zeleně",Statutární město Brno,,"voda.brno.cz – PPO Poříčí, etapy VII–VIII | https://voda.brno.cz/projekty/protipovodnova-opatreni/porici-etapy-vii-viii/ | cobude.brno.cz – Protipovodňová opatření | https://cobude.brno.cz/projekt/protipovodnova-opatreni/",,,"Infrastruktura, Životní prostředí, Finance a majetek",Technické,Před krizí – prevence,Domácí praxe (převzato ze zdroje),Ověřeno v praxi,approved,"brno – protipovodnova opatreni na svratce (promenada, rozsireni koryta)|brno, ceska republika|povodne"
19,Plzeň – standardy hospodaření s dešťovou vodou (HDV),"Přívalové deště, Sucho",Město,"Plzeň, Česká republika",49.7384,13.3736,Nízké (<500 tis. Kč),Kontinuální (>10 let),"Plzeň schválila usnesením Rady města č. 1076 ze dne 8. 11. 2023 závazné Plzeňské standardy hospodaření s dešťovými vodami. Navazují na Koncepci odtokových poměrů města Plzně (2020) a Strategický plán města (2018). Standardy tvoří tři části: hlavní dokument (principy modrozelené infrastruktury, výpočet srážkových vod a dimenzování objektů HDV), příloha A – katalog technických řešení objektů HDV pro projektanty a příloha B – analytická část (legislativní nástroje, koncepční dokumenty, srovnání praxe v ČR i zahraničí). Aplikace standardů je vyžadována u přípravy městských projektů, záměrů a investic a při připomínkování metodických a legislativních dokumentů.","Jednotná a předvídatelná pravidla pro projektanty i investory od studie po realizaci; systematická podpora vsaku, retence a využití srážkové vody (zelené střechy, průlehy, nádrže) snižuje odtok do kanalizace a posiluje odolnost města vůči přívalovým srážkám i suchu; katalogové listy zkracují a zlevňují přípravu projektů; nízkonákladový regulační nástroj přenositelný do dalších měst.","Standard je přímo závazný pouze pro městské investice – u soukromé výstavby závisí na uplatnění v povolovacích procesech a vyjednávání; vyžaduje odborné kapacity úřadu pro kontrolu projektové přípravy; dimenzování dle standardu může zvýšit investiční náklady jednotlivých staveb; nutná pravidelná revize (vývoj legislativy a srážkových dat, doporučeno po 2–3 letech).",1. Zpracování koncepce odtokových poměrů města 2. Formulace standardů HDV a katalogu technických řešení 3. Schválení radou města (závaznost pro městské projekty) 4. Školení projektantů a pracovníků úřadu 5. Uplatňování v zadáních a kontrola projektové přípravy 6. Revize standardů po 2–3 letech provozu,Město Plzeň (Útvar koncepce a rozvoje města Plzně),,Plzeňské standardy HDV (ÚKRMP) | https://ukr.plzen.eu/zivotni-prostredi/plzenske-standardy-hospodareni-s-destovymi-vodami/ | Koncepce odtokových poměrů města Plzně | https://ukr.plzen.eu/zivotni-prostredi/koncepce-odtokovych-pomeru-mesta-plzne/,,,"Životní prostředí, Infrastruktura, Budovy",Organizační,Před krizí – prevence,Domácí praxe (převzato ze zdroje),Převzato ze zdroje,approved,"plzen – standardy hospodareni s destovou vodou (hdv)|plzen, ceska republika|privalove deste, sucho"
20,Ostrava – „Modrozelená kuchařka“ a adaptační projekty,"Vlny veder, Přívalové deště",Město,"Ostrava, Česká republika",49.8209,18.2625,Střední (500 tis. - 5 mil. Kč),Kontinuální (>10 let),"Metodika modrozelené infrastruktury („Modrozelená kuchařka“), kterou Ostrava dokončila v roce 2023 ve spolupráci s Městským ateliérem prostorového plánování a architektury (MAPPA). Definuje zásady vytváření provázaného systému vodních a zelených ploch v zastavěném území a požadavky na projektování investičních projektů ve vlastnictví města. Je určena starostům městských obvodů, projektantům a investorům. Na metodiku navazují konkrétní adaptační projekty města: ozeleněné tramvajové pásy, zelené střechy a fasády, trvalkové záhony a květnaté louky, propustná parkoviště nebo upravený režim sečení trávy pro udržení vegetace v suchých obdobích.",Jednotný standard pro městské investice v silně urbanizovaném průmyslovém městě; zlepšení mikroklimatu a retence vody realizovanými prvky; srozumitelný katalog opatření usnadňuje 23 městským obvodům přípravu projektů; komunikace přes weby zdravaova.cz a fajnova.cz podporuje participaci a přijetí opatření veřejností.,"Realizace závisí na investičních plánech a rozpočtech – metodika sama opatření negeneruje; koordinace městských obvodů s rozdílnými kapacitami a prioritami; modrozelené prvky zvyšují nároky na údržbu (závlaha, sečení, čištění propustných povrchů) a vyžadují proškolení technických služeb.","1. Zpracování metodiky (MAPPA, 2023) 2. Projednání a zveřejnění pro obvody, projektanty a investory 3. Uplatnění požadavků v zadáních městských investic 4. Pilotní projekty (ozeleněné tramvajové pásy, zelené střechy, propustná parkoviště) 5. Vyhodnocování, sdílení zkušeností mezi obvody a aktualizace metodiky",Statutární město Ostrava / MAPPA,,Ostrava.cz – „Modrozelená kuchařka“ | https://www.ostrava.cz/cs/o-meste/aktualne/v-201emodrozelene-kucharce201c-naleznou-zajemci-informace-jak-mesto-priblizit-prirode-a-snizit-dopady-klimatickych-zmen | zdravaova.cz | fajnova.cz,,,"Životní prostředí, Obyvatelé a komunita, Infrastruktura",Kombinované,Před krizí – prevence,Domácí praxe (převzato ze zdroje),Převzato ze zdroje,approved,"ostrava – „modrozelena kucharka“ a adaptacni projekty|ostrava, ceska republika|vlny veder, privalove deste"
21,"Litoměřice – adaptace na změnu klimatu (SECAP, energetický management)","Vlny veder, Přívalové deště",Město,"Litoměřice, Česká republika",50.533,14.1318,Střední (500 tis. - 5 mil. Kč),Kontinuální (>10 let),"Litoměřice (cca 23 tis. obyvatel) patří mezi průkopníky městské energetiky a adaptace v ČR. Akční plán udržitelné energetiky a adaptace na klimatickou změnu (SECAP) na období 2017–2030 propojuje mitigační opatření (renovace obecních budov, veřejné osvětlení, náhrada tepelných zdrojů, požadavky na novou výstavbu, doprava) s adaptačním rámcem města a s dalšími nástroji: systematickým energetickým managementem, podporou solárních systémů, prvky Smart City a zapojováním občanů. Na plán navazují konkrétní projekty – výsadby zeleně, hospodaření s vodou a osvětové aktivity.",Integrovaný přístup: úspory energie a snižování emisí se plánují společně s adaptací na vedra a přívalové srážky; energetický management poskytuje data pro rozhodování a prokazatelné úspory rozpočtu města; dlouhodobá kontinuita tématu usnadňuje získávání dotací; přenositelný model klimatického plánování pro střední města.,"Realizace závisí na stabilním financování a personální kapacitě (pozice energetického manažera); část opatření má dlouhou návratnost; adaptační rámec je nutné průběžně konkretizovat do investičních projektů, jinak zůstává deklarativní; menší město má omezené kapacity pro souběh více dotačních projektů.","1. Zavedení energetického managementu a sběru dat o spotřebách 2. Zpracování a schválení SECAP (2017–2030) 3. Zásobník opatření pro budovy, osvětlení, dopravu a adaptaci 4. Průběžná realizace podle rozpočtu a dotačních příležitostí 5. Monitoring, vyhodnocování a aktualizace plánu",Město Litoměřice,,SECAP Litoměřice do roku 2030 (PDF) | https://www.litomerice.cz/images/strategicke-dokumenty/SECAP_Litomerice_DEF.pdf | Strategické dokumenty města | https://www.litomerice.cz/strategicke-dokumenty | Databáze strategií | https://databaze.strategie.gov.cz/,,,"Životní prostředí, Obyvatelé a komunita, Budovy",Kombinované,Před krizí – prevence,Domácí praxe (převzato ze zdroje),Převzato ze zdroje,approved,"litomerice – adaptace na zmenu klimatu (projekty a strategie)|litomerice, ceska republika|vlny veder, privalove deste"
22,Říčany – požadavek nulového odtoku srážek u nových projektů,"Přívalové deště, Sucho",Město,"Říčany, Česká republika",49.9919,14.6548,Nízké (<500 tis. Kč),Kontinuální (>10 let),"Říčany dlouhodobě patří k obcím s nejpřísnější regulací výstavby v ČR (územní plán s vysokou mírou regulace platný od roku 2014, ve znění pozdějších změn – naposledy změny č. 5). Součástí pravidel je požadavek, aby nové stavby likvidovaly srážkové vody na vlastním pozemku (princip tzv. nulového odtoku): přednostně vsakem, dále retencí s následným využitím (zálivka, splachování), případně zelenými střechami; napojení srážkových vod na kanalizaci je umožněno jen výjimečně tam, kde to místní hydrogeologické podmínky nedovolují.","Náklady na hospodaření se srážkovou vodou nese stavebník, nikoli obec; snížení zatížení dešťové kanalizace a vodních toků při přívalových srážkách; dotace podzemních vod v území opakovaně postihovaném suchem; regulativ je administrativně levný a snadno přenositelný do územních plánů dalších obcí.",Účinnost závisí na důsledné kontrole v územním a stavebním řízení a při kolaudaci; na jílovitém podloží s omezeným vsakem je nutné individuální hydrogeologické posouzení (riziko formálních řešení „na papíře“); regulativ se vztahuje na novou výstavbu a neřeší stávající zástavbu; možný tlak developerů na výjimky.,1. Hydrogeologické posouzení vsakových podmínek území 2. Zakotvení požadavku nulového odtoku do územního plánu / regulativů 3. Metodické vedení pro stavebníky a projektanty 4. Kontrola řešení HDV v povolovacích řízeních 5. Ověření skutečného provedení při kolaudaci,Město Říčany,,Změna č. 5 ÚP Říčan – odůvodnění (OOP) | https://www.ricany.cz/wp-content/uploads/2025/02/Priloha2-OOP_Ricany-Z5_ODUVODNENI_zapis-zmen.pdf | Územní plán Říčan | https://www.ricany.cz/radnice/strategicke-dokumenty/uzemni-planovani-ve-meste-ricany/uzemni-plan-rican/ | Kurýr Říčany – nový územní plán | https://www.kuryr-ricany.cz/clanek/ricany-maji-novy-uzemni-plan-prisnejsi-vuci-developerum,,,"Budovy, Infrastruktura, Životní prostředí",Organizační,Před krizí – prevence,Domácí praxe (převzato ze zdroje),Převzato ze zdroje,approved,"ricany – pozadavek nuloveho odtoku srazek u novych projektu|ricany, ceska republika|privalove deste, sucho"
23,Hradec Králové – revitalizace vodních ploch v parcích (Šimkovy sady),"Vlny veder, Přívalové deště",Čtvrť,"Hradec Králové, Česká republika",50.2092,15.8328,Střední (500 tis. - 5 mil. Kč),Střednědobá (1-3 roky),"Revitalizace Šimkových sadů – s cca 19 ha největšího parku v Hradci Králové – proběhla v letech 2012–2013 s podporou Regionálního operačního programu NUTS II Severovýchod. Vedle obnovy cest, mostků a dětských hřišť byla klíčová revitalizace vodních ploch (jezírko s navazujícím rekreačním provozem) a rozsáhlé dosadby: 352 stromů, přes 1 500 keřů a kolem 4 000 trvalek. Park spravují Technické služby Hradec Králové; projekt byl prezentován v soutěži Park roku 2017. Na revitalizaci navazují další úpravy vodních prvků v městských parcích.","Vodní plocha a vzrostlá zeleň ochlazují okolí v horkých dnech (evapotranspirace, stín) a zvyšují retenci vody v centru města; kombinace rekreační, vzdělávací a adaptační funkce zvyšuje využití parku i veřejnou podporu údržby zeleně; referenční příklad revitalizace velkého městského parku s vodními prvky pro města střední velikosti.","Vodní prvky vyžadují sezónní údržbu (čerpadla, kvalita vody, riziko sinic v létě); nové výsadby potřebují zálivku v prvních letech (nároky rostou v suchých letech); investice závislá na dotačních programech; nutné sladit rekreační provoz s ochranou vegetace a živočichů.","1. Projekt revitalizace (krajinářský architekt) 2. Zajištění financování (dotační program + rozpočet města) 3. Obnova vodních ploch a technického zázemí 4. Výsadby stromů, keřů a trvalek 5. Předání do správy technických služeb 6. Sezónní údržba a monitoring stavu vody a vegetace",Statutární město Hradec Králové,,Šimkovy sady (hradeckralove.org) | https://www.hradeckralove.org/simkovy-sady/os-1645 | Park roku 2017 – Šimkovy sady | https://www.parkroku.cz/cs/menu/predchozi-rocniky/2017/simkovy-sady-hradec-kralove/,,,"Životní prostředí, Zdraví, Obyvatelé a komunita",Technické,Před krizí – prevence,Domácí praxe (převzato ze zdroje),Ověřeno v praxi,approved,"hradec kralove – revitalizace vodnich ploch v parcich|hradec kralove, ceska republika|vlny veder, privalove deste"
24,Olomouc – protipovodňová opatření na Moravě,Povodně,Město,"Olomouc, Česká republika",49.5938,17.2509,Vysoké (5-50 mil. Kč),Dlouhodobá (3-10 let),"Postupná protipovodňová ochrana Olomouce na řece Moravě (investor Povodí Moravy, s.p., ve spolupráci s městem) zvyšuje kapacitu koryta z původních 384 m³/s na 650 m³/s. I. etapa (2006–2007): 520 m dlouhý obtokový kanál s kapacitou 180 m³/s, nový jez a rybí přechod. II.A etapa (2012–2013): navýšení a výstavba hrází a zdí, paralelní koryto a 350 m dlouhý zelený ostrov. II.B etapa (2018–2022): snížené bermy na obou březích v centru města a nové mosty na ulicích Masarykova a Komenského; etapa získala titul Vodohospodářská stavba roku. IV.A etapa je v realizaci od 3/2024 (revitalizace pravého břehu, rekonstrukce ochranné hráze, nová tůň), IV.B v přípravě (2027–2029) a III. etapa v předprojektové přípravě (architektonická soutěž ukončena 2025).","Po dokončení ochrana města na průtok 650 m³/s (nad úrovní stoleté povodně, s rezervou proti extrémům typu 1997); snížené bermy zpřístupnily řeku a vytvořily nový veřejný prostor v centru – kombinace protipovodňové funkce a revitalizace nábřeží; zelený ostrov a tůně podporují biodiverzitu; etapizace rozkládá investice v čase a umožňuje využívat zkušenosti z provozu dokončených etap.",Dlouhodobá výstavba (2006–2029+) vyžaduje kontinuitu financování i politické podpory; časově náročná majetkoprávní příprava (např. zahrádkářské kolonie ve IV. etapě); bermy vyžadují údržbu a úklid po zaplavení; stavební omezení v centru města během realizace jednotlivých etap.,"1. Koncepce zvýšení kapacity koryta (Povodí Moravy + město) 2. Etapizace podle rizika a připravenosti 3. Majetkoprávní příprava a povolení 4. Realizace etap (obtokový kanál → hráze a zdi → bermy a mosty) 5. Provozní a manipulační řády, údržba 6. Monitoring a příprava navazujících etap","Povodí Moravy, s.p. / Statutární město Olomouc",,Protipovodňová opatření Olomouc – přehled etap | https://protipovodnovaopatreni.olomouc.eu/prehled-etap | Povodí Moravy – PPO Olomouc | https://www.pmo.cz/cz/projekty/ppo-olomouc-x/ppo-olomouc/ | PMO – Vodohospodářská stavba roku | https://www.pmo.cz/cz/media/tiskove-zpravy/protipovodnova-ochrana-olomouce-ziskala-oceneni-vodohospodarska-stavba-roku/,,,"Infrastruktura, Finance a majetek, Životní prostředí",Technické,Před krizí – prevence,Domácí praxe (převzato ze zdroje),Ověřeno v praxi,approved,"olomouc – protipovodnova opatreni na morave|olomouc, ceska republika|povodne"
25,Praha – Klimatický plán do roku 2030 a zásobník adaptačních projektů,Vícenásobné extrémy,Město,"Praha, Česká republika",50.0755,14.4378,Střední (500 tis. - 5 mil. Kč),Kontinuální (>10 let),"Klimatický plán hl. m. Prahy do roku 2030 (schválen 2021) je zastřešující strategie s cílem snížit emise CO₂ o 45 % oproti roku 2010 do roku 2030. Obsahuje 69 konkrétních opatření ve čtyřech pilířích: udržitelná energetika a budovy, udržitelná mobilita, cirkulární ekonomika a adaptační opatření. Adaptační pilíř zahrnuje mj. cíl vysadit až 1,5 milionu stromů, náhradu nepropustných asfaltových a betonových povrchů, revitalizace a renaturace parků a rozvoj modrozelené infrastruktury. Implementaci řídí Komise Rady HMP pro udržitelnou energii a klima prostřednictvím čtyř pracovních skupin; postup je veřejně dostupný na portálu klima.praha.eu. Na plán navazuje Strategie adaptace hl. m. Prahy na změnu klimatu a její implementační plán 2025–2029 se zásobníkem konkrétních adaptačních projektů (adaptacepraha.cz).","Jeden strategický rámec propojuje mitigaci i adaptaci a dává městským organizacím jasné zadání a odpovědnosti; zásobník projektů zrychluje přípravu investic (projekty jsou předjednané a prioritizované, snáze dosáhnou na národní a evropské financování); veřejný portál umožňuje průběžnou kontrolu plnění; model „komise + pilíře + zásobník projektů“ je přenositelný do dalších velkých měst.","Strategie je „měkký“ nástroj – reálný dopad závisí na realizaci jednotlivých projektů a na rozpočtech; závislost na politické kontinuitě napříč volebními obdobími; ambiciózní cíle (1,5 mil. stromů) narážejí na kapacitní a prostorové limity; nutná trvalá koordinace magistrátu, 57 městských částí a městských organizací.",1. Schválení klimatického plánu a zřízení komise Rady HMP 2. Rozpracování 69 opatření do gescí a pracovních skupin 3. Naplnění zásobníku projektů (pro adaptaci: implementační plán 2025–2029) 4. Prioritizace a financování (rozpočet města + národní a evropské zdroje) 5. Realizace a průběžný monitoring na klima.praha.eu 6. Pravidelná aktualizace plánu a zásobníku,Magistrát hl. m. Prahy (Odbor ochrany prostředí),,Portál klima.praha.eu | https://klima.praha.eu/ | Klimatický plán HMP – strukturované informace | https://portalzp.praha.eu/jnp/cz/ochrana_klimatu/Klimaticky_plan_HMP_do2030_struktinfo.html | Implementační plán Strategie adaptace HMP 2025–2029 | https://adaptacepraha.cz/wp-content/uploads/2025/02/IP_2025-2029_Strategie_adaptace_HMP.pdf,,,"Životní prostředí, Infrastruktura, Zdraví",Organizační,"Před krizí – prevence, Připravenost systému (IZS)",Domácí praxe (převzato ze zdroje),Převzato ze zdroje,approved,"praha – zasobnik klimatickych projektu (implementacni plan)|praha, ceska republika|vicenasobne extremy"
26,Nijmegen – Room for the Waal (rozšíření koryta),Povodně,Město,"Nijmegen, Nizozemsko",51.842,5.8526,Vysoké (5-50 mil. Kč),Dlouhodobá (3-10 let),"Největší projekt nizozemského programu Ruimte voor de Rivier (Prostor pro řeku, cca 2,3 mld. EUR, 34 lokalit). V Nijmegenu byla v letech 2013–2015 přesunuta hráz u čtvrti Lent o 350 m do vnitrozemí a v uvolněném prostoru byl vyhlouben 3,5 km dlouhý vedlejší povodňový kanál řeky Waal; vytěženo bylo téměř 5 mil. m3 zeminy. Mezi kanálem a hlavním korytem vznikl nový říční ostrov Veur-Lent s parkem, propojený třemi novými mosty. Při extrémní povodni opatření snižuje hladinu Waalu v nejužším ohybu řeky u Nijmegenu asi o 34 cm a průtočná kapacita profilu se zdvojnásobila; program jako celek zvyšuje bezpečně převáděný průtok Rýna v profilu Lobith na 16 000 m3/s. Náklady činily 351 mil. EUR; dílo bylo slavnostně uvedeno do provozu v prosinci 2015 (dokončení 2016). Investorem byl stát (Rijkswaterstaat) ve spolupráci s městem Nijmegen, které spravuje nivu a říční park.","Snížení povodňové hladiny o cca 34 cm chrání Nijmegen (cca 180 tis. obyvatel) a obce podél Waalu; kapacita koryta v kritickém zúžení se zdvojnásobila. Namísto dalšího zvyšování hrází vznikl trvalý rozlivný prostor, který funguje i při souběhu extrémních průtoků. Vedlejším přínosem je nový říční park a ostrov Veur-Lent s rekreačním využitím a růst atraktivity nábřeží (urbanistická cena Waterfront Center).","Přesun hráze si vyžádal výkupy a demolice cca 50 domácností ve čtvrti Lent – politicky i sociálně citlivý proces s dlouhou přípravou (rozhodnutí vlády 2006, stavba až 2013). Investice 351 mil. EUR je dostupná jen ve velkých národních programech. Vedlejší kanál vyžaduje trvalou správu nivy a vegetace a sledování zanášení sedimenty. Reziduální riziko zůstává při překročení návrhových průtoků. Přenositelnost do ČR je omezená: vyžaduje volný prostor v nivě, silný právní rámec vyvlastnění a kompenzací a koordinaci státu s obcí.","1. Hydraulická studie a porovnání variant (přesun hráze vs. prohloubení koryta). 2. Vládní rozhodnutí a zařazení do národního programu Ruimte voor de Rivier (2006). 3. Výkupy pozemků a kompenzace cca 50 domácností. 4. Projektová příprava, EIA a povolení. 5. Stavba nové hráze o 350 m dál od řeky (od 2013). 6. Vyhloubení 3,5 km vedlejšího kanálu a výstavba tří mostů (2013–2015). 7. Uvedení do provozu a předání (2015–2016). 8. Monitoring hladin, správa nivy, vegetace a sedimentů.",Gemeente Nijmegen / Rijkswaterstaat,,Dutch Water Sector – dokončení projektu | https://www.dutchwatersector.com/news/biggest-icon-project-of-room-for-the-river-programme-officially-commissioned-at-nijmegen-the | NWRM – případová studie Nijmegen | https://www.nwrm.eu/case-study/room-river-nijmegen-dike-relocation-netherlands,,,"Finance a majetek, Životní prostředí, Obyvatelé a komunita",Technické,Před krizí – prevence,Zahraniční praxe (převzato ze zdroje),Převzato ze zdroje,approved,"nijmegen – room for the waal (rozsireni koryta)|nijmegen, nizozemsko|povodne"
27,Lisabon – Zelené koridory (Corredor Verde de Monsanto),Vlny veder,Město,"Lisabon, Portugalsko",38.7223,-9.1393,Střední (500 tis. - 5 mil. Kč),Dlouhodobá (3-10 let),"Corredor Verde de Monsanto je páteřní zelený koridor Lisabonu dokončený v roce 2012 podle koncepce krajinného architekta Gonçala Ribeira Tellese ze 70. let. V délce cca 2,5 km a na ploše asi 51 ha propojuje park Eduardo VII v centru města s lesoparkem Monsanto (cca 900 ha, největší souvislá zeleň města) souvislým pásem parků, komunitních zahrad (Campolide), květnatých luk a pěších i cyklistických cest s lávkami přes dopravní tepny. Koridor je součástí sítě zelených koridorů zakotvené v územním plánu (PDM 2012); město postupně rozvíjí devět koridorů propojujících hlavní zelené plochy. Správu zajišťuje Câmara Municipal de Lisboa; koncepce přispěla k titulu Evropské zelené hlavní město 2020.","51 ha propojené zeleně a 2,5 km bezmotorové trasy v centru města; stín a evapotranspirace snižují pocitovou teplotu v koridoru řádově o jednotky °C oproti okolní zástavbě a zmírňují městský tepelný ostrov. Nezpevněné plochy a louky zasakují srážky a snižují odtok při přívalových deštích. Přínos pro obyvatele hustě zastavěných čtvrtí (dostupná rekreace, bezpečná pěší a cyklistická spojení) i pro biodiverzitu (propojení biotopů s Monsantem).","Koridor kříží rušné komunikace – nutné lávky a podchody výrazně zvyšují náklady jednotlivých úseků. Suché a horké lisabonské léto vyžaduje zálivku mladých výsadeb (spotřeba vody, provozní náklady města); v lesoparku Monsanto roste za veder a sucha riziko požáru. Efekt na mikroklima je lokální – neřeší přehřívání celého města. Realizace závisí na dostupnosti pozemků podél trasy (výkupy, směny), což je hlavní limit přenositelnosti do ČR; údržba rozsáhlých ploch trvale zatěžuje rozpočet.","1. Zakotvení ekologické sítě a koridorů v územním plánu. 2. Vytipování tras propojujících stávající parky a rezervy zeleně. 3. Zajištění pozemků (výkupy, směny) a projekty jednotlivých úseků. 4. Výstavba pěších a cyklistických propojení včetně lávek přes komunikace. 5. Výsadby suchu odolných druhů, založení luk a komunitních zahrad. 6. Etapové otevírání úseků a komunikace s veřejností. 7. Údržba, zálivka a monitoring využití i mikroklimatu.",Câmara Municipal de Lisboa,,Urban Nature Atlas – Monsanto green corridor | https://una.city/nbs/lisboa/monsanto-green-corridor | Lisboa.pt – Green Corridors | https://www.lisboa.pt/en/themes/environment/ecological-structure/green-corridors | Oppla – síť zelených koridorů Lisabonu | https://oppla.eu/casestudy/23360,,,"Zdraví, Infrastruktura, Životní prostředí",Technické,Před krizí – prevence,Zahraniční praxe (převzato ze zdroje),Převzato ze zdroje,approved,"lisabon – zelene koridory (corredor verde de monsanto)|lisabon, portugalsko|vlny veder"
28,Valencie – Jardín del Turia (protipovodňový park),"Povodně, Vlny veder",Město,"Valencie, Španělsko",39.4699,-0.3763,Vysoké (5-50 mil. Kč),Kontinuální (>10 let),"Po katastrofální povodni 14. 10. 1957 (nejméně 81 obětí) rozhodl Plan Sur (1958) o odklonění řeky Turie novým, asi 12 km dlouhým jižním obtokovým korytem s návrhovou kapacitou cca 5 000 m3/s, dokončeným počátkem 70. let. Původní koryto v centru města stát v roce 1976 převedl městu a po občanských protestech proti plánované dálnici („koryto Turie je naše a chceme ho zelené“) je město od roku 1986 etapovitě měnilo na lineární park Jardín del Turia – dnes cca 8,5 km dlouhý pás zeleně o rozloze přes 110 ha (po rozšíření až 136 ha) se sportovišti, zahradami a kulturními stavbami (Ciudad de las Artes y las Ciencias). Park spravuje Ajuntament de València; jde o nejnavštěvovanější městský park Španělska (přes 3 mil. návštěv ročně). Bývalé koryto si zachovává schopnost bezpečně převést část extrémních průtoků a zeleň ochlazuje a provětrává centrum.",Obtokové koryto s kapacitou cca 5 000 m3/s (povodeň 1957 měla odhadem 3 700 m3/s) od 70. let spolehlivě chrání historické centrum – i při extrémních srážkách v říjnu 2024 (DANA) převedlo povodňovou vlnu Turie a jádro Valencie zůstalo uchráněno. Přes 110 ha souvislé zeleně snižuje teploty v přilehlých čtvrtích a poskytuje celoročně dostupnou rekreaci pro cca 800 tis. obyvatel města; park s více než 3 mil. návštěv ročně zvyšuje hodnotu okolních nemovitostí a turistickou atraktivitu.,"Údržba a zavlažování rozsáhlých ploch v horkém a suchém klimatu představují trvalé náklady města a značnou spotřebu vody. Park v bývalém korytě zůstává potenciálně zaplavitelným územím – při extrému je nutné počítat s uzavřením a řízeným převedením vody. Odklon řeky přenáší riziko mimo chráněné jádro: povodeň 2024 ukázala, že obce mimo systém (povodí Rambla del Poyo) zůstávají extrémně zranitelné. Jednorázová investice do přeložky řeky je obrovská a vyžadovala státní financování; do ČR je přenositelný především koncept – využití niv a opuštěných koryt jako parků s retenční funkcí.","1. Vyhodnocení povodňového rizika po katastrofě 1957. 2. Rozhodnutí o obtokovém korytě (Plan Sur, 1958) a zajištění státního financování. 3. Výstavba cca 12 km nového koryta a přeložek infrastruktury (60.–70. léta). 4. Převod starého koryta na město (1976) a rozhodnutí o parku místo dálnice. 5. Urbanistický master plan (Ricardo Bofill, 1982) a etapizace. 6. Postupná realizace parkových úseků od roku 1986. 7. Provoz: závlahy, údržba zeleně, sportovní a kulturní vybavenost. 8. Udržování hydraulické funkce obou koryt (čištění, kontroly, povodňové plány).",Ajuntament de València,,Turia Garden (Wikipedia) | https://en.wikipedia.org/wiki/Turia_Garden | Visit València – Turia Gardens | https://www.visitvalencia.com/en/what-to-do-valencia/nature-in-valencia/parks-and-gardens-valencia/turia-gardens | Interreg Europe – Turia Garden (good practice) | https://www.interregeurope.eu/good-practices/turia-garden,,,"Zdraví, Finance a majetek, Životní prostředí, Obyvatelé a komunita",Technické,Před krizí – prevence,Zahraniční praxe (převzato ze zdroje),Převzato ze zdroje,approved,"valencie – jardin del turia (protipovodnovy park)|valencie, spanelsko|povodne, vlny veder"
29,Utrecht – obnovení městského kanálu Singel,Přívalové deště,Město,"Utrecht, Nizozemsko",52.0907,5.1214,Vysoké (5-50 mil. Kč),Kontinuální (>10 let),"Utrecht na přelomu 60. a 70. let zasypal část historického vodního okruhu Singel (Catharijnesingel) a nahradil ji městskou rychlostní komunikací. Po referendu z roku 2002, v němž obyvatelé podpořili návrat vody, město kanál v etapách obnovilo v rámci přestavby okolí hlavního nádraží (program CU2030); poslední, cca 1,1 km dlouhý úsek podle návrhu OKRA Landschapsarchitecten byl dokončen v září 2020, čímž se po zhruba 50 letech uzavřel celý, téměř 6 km dlouhý vodní okruh kolem historického centra. Do koryta se vrátilo asi 40 000 m3 vody a podél vznikl lineární park; náklady závěrečné etapy činily cca 7 mil. EUR. Kanál slouží retenci a odvádění srážkové vody, rekreační plavbě a ochlazování centra; spravuje jej Gemeente Utrecht.","Cca 40 000 m3 obnoveného vodního objemu zvyšuje retenční a odváděcí kapacitu centra při přívalových deštích; 1,1 km nového parku a nábřeží zpřístupnilo vodu chodcům a cyklistům namísto sedmiproudé komunikace. Vodní plocha a stromořadí zmírňují letní přehřívání centra; projekt zvýšil atraktivitu a hodnotu okolí nádraží a získal mezinárodní ocenění (European Prize for Urban Public Space 2022). Přínos pro obyvatele centra, rekreační plavce i podnikatele v parteru.","Obnova vyžadovala léta dopravních omezení v centru a přeložky inženýrských sítí; investice (jen poslední etapa cca 7 mil. EUR) nese město. Odstranění kapacitní komunikace předpokládá funkční objízdné trasy a podporu veřejnosti – bez referenda a dlouhodobého politického konsenzu je projekt zranitelný. Kvalita vody ve stojatějších úsecích (sinice v horkých létech) vyžaduje průběžnou správu. Retenční efekt je lokální a extrémní přívaly v celém povodí neřeší. V ČR přenositelné tam, kde existují zasypaná historická koryta a náhony, s nutnou koordinací dopravy a památkové péče.","1. Referendum a politické rozhodnutí o obnově kanálu (2002). 2. Zapracování do master planu přestavby centra (CU2030). 3. Krajinářský návrh (OKRA) a hydraulické i dopravní posouzení. 4. Etapizace: postupné rušení vozovky a přeložky sítí. 5. Výkop a utěsnění koryta, napojení na stávající okruh, napuštění. 6. Parkové úpravy nábřeží a výsadby. 7. Otevření kompletního okruhu (září 2020). 8. Běžná vodohospodářská údržba a monitoring kvality vody.",Gemeente Utrecht,,Public Space – Catharijnesingel (projekt) | https://www.publicspace.org/works/-/project/m357-catharijnesingel | Bicycle Dutch – Utrecht corrects a historic mistake | https://bicycledutch.wordpress.com/2020/09/16/utrecht-corrects-a-historic-urban-design-mistake/,,,"Infrastruktura, Obyvatelé a komunita",Technické,Před krizí – prevence,Zahraniční praxe (převzato ze zdroje),Převzato ze zdroje,approved,"utrecht – obnoveni mestskeho kanalu singel|utrecht, nizozemsko|privalove deste"
30,Glasgow Smart Canal (předpovědní řízení),"Přívalové deště, Povodně",Město,"Glasgow, Skotsko",55.8642,-4.2518,Vysoké (5-50 mil. Kč),Dlouhodobá (3-10 let),"Glasgow Smart Canal (North Glasgow Integrated Water Management System) je první „chytrý kanál“ v Evropě. Historický kanál Forth & Clyde je řízen digitálně: systém na základě 48hodinové předpovědi srážek Met Office automaticky předvypouští vodu a snižuje hladinu kanálu až o 10 cm, čímž před bouří vytvoří retenční kapacitu cca 55 000 m3 (ekvivalent 22 olympijských bazénů). Přívalová voda z okolních čtvrtí severního Glasgow je do kanálu odváděna soustavou potrubí a otevřených průlehů, takže se nepřetěžuje jednotná kanalizace. Projekt za 17 mil. GBP realizovali v letech 2018–2022 Scottish Canals, Glasgow City Council a Scottish Water (návrh AECOM, řídicí systém SCADA); první části fungují od roku 2019. Řízené odvodnění umožnilo stavebně využít 110 ha brownfieldů a výstavbu více než 3 000 domů a bytů.","55 000 m3 retenční kapacity vytvářené předem podle předpovědi snižuje riziko bleskových záplav v severním Glasgow; odemčeno bylo 110 ha rozvojových ploch pro více než 3 000 domů, které by jinak nebylo možné napojit na přetíženou kanalizaci. Využití existujícího kanálu je výrazně levnější než výstavba podzemních retenčních nádrží srovnatelného objemu; princip „sponge city“ s digitálním řízením je přenositelný na jiné vodní cesty. Přínos pro obyvatele záplavou ohrožených čtvrtí, developery i správce kanalizace.","Funkce závisí na spolehlivosti srážkových předpovědí a ICT infrastruktury – výpadek čidel, komunikace či chybná předpověď znamená ztrátu retenční funkce; nutný je pravidelný servis čidel, stavidel a klapek a zabezpečení proti kybernetickým útokům. Retenční kapacita je konečná a při sérii bouří se nemusí stihnout obnovit. Model vyžaduje existující kanál či vodní cestu a smluvní koordinaci více subjektů (správce kanálu, vodárny, město). Investice 17 mil. GBP (řádově stovky mil. Kč) přesahuje běžné rozpočty; v ČR je princip využitelný u plavebních kanálů a nádrží s řiditelnou hladinou.","1. Identifikace kanálu jako retenčního aktiva a studie proveditelnosti. 2. Dohoda partnerů (správce kanálu, město, vodárenská společnost) a zajištění financování (City Deal, fondy EU). 3. Hydraulické modelování povodí, kanalizace a kanálu. 4. Instalace čidel hladiny a průtoku, automatických stavidel a řídicího systému SCADA napojeného na předpovědi Met Office. 5. Výstavba průlehů a potrubí napojujících rozvojové plochy na kanál. 6. Zkušební provoz s předpovědním řízením (od 2019). 7. Ostrý provoz, servis prvků a průběžná kalibrace modelů.",Scottish Canals / Glasgow City Council / Scottish Water,,ICE – Glasgow smart canal | https://www.ice.org.uk/what-is-civil-engineering/infrastructure-projects/glasgow-smart-canal | Scottish Canals – Glasgow's Smart Canal | https://www.scottishcanals.co.uk/about-us/maintaining-and-developing-the-canals/our-projects/glasgows-smart-canal | Glasgow City Council – Smart Canal | https://www.glasgow.gov.uk/article/3649/Glasgow-s-Smart-Canal-is-a-first-for-Europe,,,"Finance a majetek, Infrastruktura, Životní prostředí",Technické,Před krizí – prevence,Zahraniční praxe (převzato ze zdroje),Převzato ze zdroje,approved,"glasgow smart canal (predpovedni rizeni)|glasgow, skotsko|privalove deste, povodne"
31,Leeds – Flood Alleviation Scheme (pohyblivé klapky),Povodně,Město,"Leeds, Velká Británie",53.8008,-1.5491,Vysoké (5-50 mil. Kč),Dlouhodobá (3-10 let),"Dvoufázový protipovodňový program na řece Aire o celkových nákladech cca 200 mil. GBP. Fáze 1 (2014–2017, cca 50 mil. GBP) chrání 4,5 km nábřeží v centru Leedsu: jako první ve Velké Británii použila pro ochranu před povodní sklopné jezové klapky (jezy Crown Point a Knostrop), které se při povodni položí a sníží hladinu; současně byl odstraněn ostrov Knostrop Cut a postaveny nové zídky a valy. Fáze 2 (dokončena v listopadu 2024) prodloužila ochranu o dalších 14 km od nádraží po Apperley Bridge na úroveň stoleté až dvousetleté povodně (1:200 s rezervou na změnu klimatu); zahrnuje suchý poldr u Calverley s retenční kapacitou 1,8 mil. m3 se dvěma pohyblivými hradicími prvky a přírodě blízká opatření v horním povodí včetně výsadby cca 750 000 stromů. Program celkem chrání přes 4 000 domů, více než 1 000 podniků a cca 33 000 pracovních míst; od roku 2017 byl aktivován devětkrát. Investory jsou Leeds City Council a Environment Agency.","Ochrana více než 4 000 domácností, 1 000 podniků a cca 33 000 pracovních míst v centru Leedsu na úroveň 1:200 s klimatickou rezervou; systém byl od roku 2017 už devětkrát reálně aktivován (mj. při bouři Ciara 2020, kdy centrum zůstalo suché). Sklopné klapky nahrazují vysoké zdi – nábřeží zůstává přístupné a hladina se při povodni aktivně snižuje. Poldr Calverley zadrží 1,8 mil. m3; 750 000 stromů v povodí dlouhodobě zpomaluje odtok a přináší i uhlíkové a rekreační benefity.","Pohyblivé jezy znamenají trvalé provozní náklady a pravidelný servis mechaniky pod vodou; porucha v okamžiku povodně je kritickým rizikem, proto jsou nutné prohlídky, zálohy napájení a zkoušky. Ochrana na 1:200 neodstraňuje reziduální riziko větších povodní ani přívalového zaplavení mimo řeku. Přírodě blízká opatření účinkují až s růstem vegetace a hlavně u menších povodní. Investici cca 200 mil. GBP umožnilo spolufinancování státu; v ČR by obdoba vyžadovala koordinaci s podnikem Povodí a plavebními zájmy.","1. Vyhodnocení povodňového rizika a etapizace programu po zrušení dřívějšího velkého záměru. 2. Zajištění financování (město, Environment Agency, region). 3. Fáze 1: instalace sklopných jezů Crown Point a Knostrop, zídky a terénní úpravy, sjednocení koryta (2014–2017). 4. Vyhodnocení povodně z prosince 2015 a rozšíření záměru na horní povodí. 5. Fáze 2: výstavba poldru Calverley (1,8 mil. m3), zídek a valů podél 14 km řeky (2020–2024). 6. Přírodě blízká opatření: výsadba cca 750 000 stromů, zdrsnění povodí, mokřady. 7. Zkoušky, předání (listopad 2024) a nastavení pravidel aktivace. 8. Pravidelný servis klapek, monitoring hladin a údržba vegetace.",Leeds City Council / Environment Agency,,Leeds City Council – dokončení programu (2024) | https://news.leeds.gov.uk/news/construction-of-groundbreaking-gbp-200million-scheme-to-protect-leeds-from-extreme-flood-risk-is-complete | Arup – Leeds Flood Alleviation Scheme | https://www.arup.com/en-us/projects/leeds-flood-alleviation-scheme/ | BAM – dokončení FAS2 | https://www.bam.com/en/press/press-releases/2024/11/bam-completes-leeds-flood-alleviation-scheme-protecting-thousands-of,,,"Finance a majetek, Infrastruktura, Obyvatelé a komunita",Technické,Před krizí – prevence,Zahraniční praxe (převzato ze zdroje),Převzato ze zdroje,approved,"leeds – flood alleviation scheme (pohyblive klapky)|leeds, velka britanie|povodne"
32,Oslo – Overvann (řízení povrchové vody),Přívalové deště,Město,"Oslo, Norsko",59.9139,10.7522,Střední (500 tis. - 5 mil. Kč),Kontinuální (>10 let),"Oslo řídí srážkovou (povrchovou) vodu podle celoměstské strategie hospodaření s dešťovou vodou 2013–2030 a akčního plánu schváleného zastupitelstvem v roce 2019. Jádrem je třístupňová strategie (tretrinnsstrategi): 1) menší deště zasakovat a odpařovat v místě dopadu, 2) silnější deště zdržovat v terénních prohlubních, dešťových zahradách a nádržích, 3) pro extrémní srážky vymezit bezpečné povrchové povodňové cesty (ulice, průlehy), kudy voda odteče bez škod. Požadavky platí pro všechny nové územní plány, stavební povolení i terénní úpravy – stavebníci musí srážkovou vodu řešit přednostně na vlastním pozemku. Součástí je dlouhodobý program otevírání zatrubněných potoků (např. Hovinbekken s kaskádou nádrží Teglverksdammen) a modrozelené ulice. Strategii koordinuje Oslo kommune (vodárenský odbor Vann- og avløpsetaten společně s odborem územního plánování).","Jednotný třístupňový standard platí celoměstsky pro každou novou výstavbu, což dává developerům předvídatelnost a město zbavuje nutnosti plošně zkapacitňovat kanalizaci (decentralizované řešení je výrazně levnější). Menší přetěžování jednotné kanalizace znamená méně bleskových záplav a přepadů odpadních vod do fjordu. Otevřené potoky (několik kilometrů, mj. Hovinbekken) a dešťové zahrady zlepšují mikroklima, biodiverzitu a kvalitu veřejných prostranství; přínos pro vlastníky nemovitostí (méně zatopených sklepů) i pro vodárenskou infrastrukturu.","Zimní podmínky jsou zásadním limitem: zamrzlá půda a sníh snižují zasakování a jarní tání v kombinaci s deštěm zvyšuje odtok – prvky vyžadují zimní režimy údržby a čištění (posypový materiál ucpává zasakovací vrstvy). Účinnost závisí na důsledném vymáhání požadavků u soukromé výstavby a na údržbě prvků vlastníky. Povrchové povodňové cesty je nutné držet trvale průchozí (parkování, oplocení). Efekt roste pomalu s obnovou zástavby – jde o kontinuální proces na desítky let; přenos do ČR vyžaduje zakotvení standardů do územních plánů a stavebních předpisů obcí.","1. Analýza povodí a mapování rizik přívalového zaplavení. 2. Přijetí strategie hospodaření se srážkovou vodou (2013–2030) a akčního plánu (2019). 3. Vydání závazných směrnic pro zasakování, retenci a povodňové cesty u nové výstavby. 4. Pilotní projekty: dešťové zahrady, modrozelené ulice, otevření potoků (Hovinbekken). 5. Integrace požadavků do územních plánů a povolovacích procesů. 6. Postupná realizace bezpečných povodňových cest v ulicích. 7. Zimní režimy údržby a čištění zasakovacích prvků. 8. Monitoring, vyhodnocování a aktualizace plánu.",Oslo kommune,,Oslo kommune – overvann (oficiální portál) | https://www.oslo.kommune.no/vann-og-avlop/overvann/ | Oslo kommune Byplan – jak město zvládne více deště | https://magasin.oslo.kommune.no/byplan/oslo-blir-vatere-slik-skal-regnet-handteres-i-fremtiden | REVOLVE – Managing Flood Risk in Oslo | https://revolve.media/features/managing-flood-risk-in-oslo,,,"Infrastruktura, Životní prostředí",Kombinované,Před krizí – prevence,Zahraniční praxe (převzato ze zdroje),Převzato ze zdroje,approved,"oslo – overvann (rizeni povrchove vody)|oslo, norsko|privalove deste"
33,Hamburk – hospodaření s dešťovou vodou (RISA a strategie zelených střech),Přívalové deště,Město,"Hamburk, Německo",53.5511,9.9937,Střední (500 tis. - 5 mil. Kč),Kontinuální (>10 let),"Hamburk rozvíjí celoměstský systém hospodaření s dešťovou vodou od projektu RISA (RegenInfraStrukturAnpassung, 2009–2015) – společné iniciativy města a vodárenské společnosti Hamburg Wasser, jejímž výstupem je strukturální plán dešťové vody (Strukturplan Regenwasser 2030) se zásadami decentralizovaného hospodaření (zasakování, retence, povrchové odvádění) pro plánování i povolování staveb. Na RISA navázala v roce 2014 Gründachstrategie – první celoměstská strategie zelených střech v Německu: cíl ozelenit 100 ha střech, ozelenění min. 70 % vhodných nových a rekonstruovaných plochých střech a dotační program (3,5 mil. EUR na období 2014–2024, administruje IFB Hamburg). Od roku 2012 navíc oddělené srážkovné motivuje vlastníky k odpojování zpevněných ploch od kanalizace. Poradenství, standardy a osvětu zajišťuje úřad pro životní prostředí (BUKEA) s Hamburg Wasser.","Extenzivní zelené střechy podle hamburského monitoringu zadrží přes 50 % ročního úhrnu srážek, čímž odlehčují kanalizaci a snižují riziko zatopení ulic a sklepů při přívalových deštích. Jednotné standardy a strukturální plán dávají stavebníkům i úřadům předvídatelnost; dotace a oddělené srážkovné vytvářejí ekonomickou motivaci. Zelené střechy navíc chladí budovy (nižší náklady na klimatizaci), zmírňují tepelný ostrov a prodlužují životnost hydroizolace; přínos pro vlastníky budov, správce kanalizace i obyvatele.","Jde převážně o organizační a motivační nástroj – účinek závisí na skutečné realizaci na tisících soukromých budov a projevuje se postupně s obnovou stavebního fondu. Dotace kryjí jen část nákladů, zbytek a veškerou údržbu (kontroly, případná závlaha v suchých létech) nesou vlastníci. U starších budov limituje ozelenění statika střech. Nutná je trvalá mezioborová koordinace úřadů a vodárny a udržení politické podpory financování; přenos do ČR vyžaduje úpravu místních poplatků za srážkové vody a dotačních schémat.","1. Společný projekt města a vodárenské společnosti (RISA) – sběr dat, piloty, analýzy. 2. Zpracování strukturálního plánu dešťové vody se zásadami do roku 2030. 3. Přijetí strategie zelených střech s cílem 100 ha (2014). 4. Spuštění dotačního programu (3,5 mil. EUR) a odděleného srážkovného. 5. Zakotvení požadavků do územních a stavebních postupů. 6. Poradenství, osvětový portál a vzorové projekty. 7. Monitoring účinnosti (retence přes 50 % srážek) a vyhodnocování. 8. Průběžná údržba prvků vlastníky a aktualizace standardů.",Freie und Hansestadt Hamburg,,Interlace Hub – Green roof strategy Hamburg | https://interlace-hub.com/green-roof-strategy-hamburg | Oppla – Hamburg green roof strategy | https://oppla.eu/casestudy/21219 | HCU Hamburg – vědecká podpora Gründachstrategie | https://www.hcu-hamburg.de/en/research/research-groups/reap/reap-projects/development-of-the-hamburg-green-roof-strategy-scientific-support,,,"Budovy, Infrastruktura, Životní prostředí",Organizační,Před krizí – prevence,Zahraniční praxe (převzato ze zdroje),Převzato ze zdroje,approved,"hamburk – mestska stranka k destove vode|hamburk, nemecko|privalove deste"
34,Paříž – síť chladných míst (Îlots de fraîcheur),Vlny veder,Město,"Paříž, Francie",48.8566,2.3522,Střední (500 tis. - 5 mil. Kč),Kontinuální (>10 let),"Paříž buduje a mapuje síť veřejně přístupných „ostrůvků chladu“ (îlots de fraîcheur) – parků a zahrad, kostelů, muzeí a knihoven s chladnými interiéry, klimatizovaných místností, bazénů, mlžítek a pítek – dostupných obyvatelům během veder. Síť vyrostla z cca 800 míst (2019) na více než 1 400 míst (2026); doplňuje ji přes 1 200 pítek provozovaných Eau de Paris a interaktivní mapa na Paris.fr s otevřeným datasetem (Paris Data). Při vlnách veder město ponechává desítky parků otevřené nepřetržitě (24/7), prodlužuje provoz bazénů a otevírá chladicí místnosti v městských budovách. Cílem městského klimatického plánu je, aby každý Pařížan dosáhl chladného místa do 7 minut chůze. Síť provozuje Ville de Paris ve spolupráci s Eau de Paris; navazují na ni „oázová“ školní hřiště (cours oasis) přeměňovaná na stinná zasakovací prostranství.","Okamžitě dostupná ochrana zdraví během veder bez nutnosti domácí klimatizace: více než 1 400 bezplatných chladných míst a přes 1 200 pítek, s cílem dostupnosti do 7 minut chůze pro všechny obyvatele (2,1 mil. osob). Největší přínos pro rizikové skupiny – seniory, malé děti, chronicky nemocné a lidi bez klimatizace; opatření reaguje na zkušenost vlny veder 2003 (ve Francii cca 15 000 úmrtí navíc). Nízké investiční náklady (využívá převážně existující místa) a otevřená data umožňují snadnou replikaci.","Provozní náklady rostou právě v horku: voda pro mlžítka a pítka (v konfliktu s obdobími sucha), personál, úklid a bezpečnost nočně otevřených parků, energie na chlazené místnosti. Kapacita klimatizovaných prostor je omezená a nejzranitelnější osoby s omezenou mobilitou se k místům nemusí dostat – nutné propojení s adresnou pomocí (registr zranitelných osob, terénní služby). Jde o adaptační útočiště, nikoli o snížení teploty města jako takové; účinnost stojí na informovanosti (mapa, kampaně). V ČR přenositelné rychle, vyžaduje ale koordinaci vlastníků budov a správců zeleně.","1. Inventarizace existujících chladných míst (parky, veřejné budovy, voda). 2. Stanovení kritérií a audit (teplota, bezbariérovost, otevírací doby). 3. Publikace interaktivní mapy a otevřeného datasetu, aktualizace před létem. 4. Doplnění infrastruktury: pítka, mlžítka, stínicí prvky. 5. Letní (kanikulární) režim: noční otevření vybraných parků, prodloužený provoz bazénů, chladicí místnosti. 6. Komunikační kampaně a propojení s registrem zranitelných osob a sociálními službami. 7. Vyhodnocení po každé sezóně a postupné rozšiřování sítě.",Ville de Paris,,Paris Data – Îlots de fraîcheur (dataset) | https://parisdata.opendatasoft.com/explore/dataset/ilots-de-fraicheur-espaces-verts-frais/ | AdaptaVille – kartografie ostrůvků chladu | https://www.adaptaville.fr/cartographie-des-ilots-de-fraicheur-urbain,,,"Zdraví, Infrastruktura, Obyvatelé a komunita",Kombinované,"Před krizí – prevence, Přímo v krizi – krátkodobá reakce",Zahraniční praxe (převzato ze zdroje),Převzato ze zdroje,approved,"paris – sit chladicich mist (ilots de fraicheur)|pariz, francie|vlny veder"
35,"Philadelphia – Green City, Clean Waters (zelená infrastruktura proti přepadům kanalizace)",Přívalové deště,Město,"Philadelphia, USA",39.9526,-75.1652,Vysoké (5-50 mil. Kč),Kontinuální (>10 let),"Green City, Clean Waters je 25letý program města Philadelphia (2011–2036), kterým Philadelphia Water Department (PWD) řeší přepady jednotné kanalizace (CSO) primárně zelenou infrastrukturou místo výstavby obřích retenčních tunelů. Program s rozpočtem 2,4 mld. USD (cca 55 mld. Kč) je právně ukotven dohodou s regulátory a cílí na snížení znečištění z přepadů jednotné kanalizace nejméně o 85 % do roku 2036. Základní plánovací jednotkou je „greened acre“ – přeměna cca 0,4 ha nepropustné plochy tak, aby první cca 2,5 cm (1 palec) deště zachytila zelená infrastruktura. Za prvních deset let (2011–2021) bylo instalováno přes 2 800 prvků zelené infrastruktury (dešťové zahrady, bioretenční pásy, prokořenitelné buňky stromů, propustné povrchy, zelené střechy) na téměř 800 lokalitách a z vodních toků bylo odkloněno přes 2,7 mld. galonů (cca 10 mld. litrů) znečištěné vody. Realizaci pohání také poplatek za odvádění dešťové vody stanovený podle nepropustné plochy parcely a dotace pro soukromé vlastníky (Stormwater Grants).","Cílové snížení znečištění z přepadů jednotné kanalizace min. o 85 % do roku 2036; za první dekádu přes 2 800 zelených prvků a cca 10 mld. litrů znečištěné vody odkloněných z řek Delaware a Schuylkill – přínos pro kvalitu vody i ochranu sklepů před zpětným vzdutím. Zelená varianta vyšla výrazně levněji než čistě tunelové řešení (odhadované na zhruba 10 mld. USD). Vedlejší přínosy: cca 250 pracovních míst ročně v „zeleném“ sektoru, odhadovaný růst hodnoty nemovitostí o 390 mil. USD během 45 let, ochlazení a ozelenění znevýhodněných čtvrtí.","Tempo plnění závisí na soukromé výstavbě a dotacích – část „greened acres“ vzniká až při developmentu, takže je citlivé na realitní trh. Údržba tisíců rozptýlených prvků (sedimenty, vegetace, propustné povrchy) je trvalý provozní náklad hrazený z vodného, stočného a dešťovného. Nezávislé analýzy (2023–2024) upozorňují, že program je oproti harmonogramu pozadu a jednotkové náklady rostou; při extrémních deštích k přepadům dále dochází, protože zelená infrastruktura zachytává hlavně menší a časté srážky. Přenositelnost do ČR: princip odpovídá městům s jednotnou kanalizací (Praha, Brno), vyžaduje však právní ukotvení dešťovného a dlouhodobý politický konsensus přes volební období.","1. Kvantifikace přepadů CSO a právní závazek s regulátorem (cílové procento snížení). 2. Sestavení dlouhodobého plánu s měřitelnou jednotkou výkonu (greened acre) a prioritizací povodí. 3. Zavedení poplatku za dešťovou vodu dle nepropustné plochy a dotací pro soukromé pozemky. 4. Standardizace typových prvků zelené infrastruktury a projektování po povodích. 5. Postupná výstavba na veřejných pozemcích (ulice, školy, parky) a při soukromém developmentu. 6. Monitoring výkonu (průtoky, četnost přepadů) a pravidelné evaluace s regulátorem. 7. Trvalá údržba prvků a adaptivní řízení programu.",Philadelphia Water Department,,"Green City, Clean Waters – Philadelphia Water Department | https://water.phila.gov/green-city/ | 10 let programu (PWD) | https://water.phila.gov/drops/gccw10/ | Naturally Resilient Communities – případová studie | https://nrcsolutions.org/green-city-clean-waters-program-philadelphia-pennsylvania/",,,"Životní prostředí, Infrastruktura",Kombinované,Před krizí – prevence,Zahraniční praxe (převzato ze zdroje),Ověřeno v praxi,approved,"philadelphia – green city, clean waters|philadelphia, usa|privalove deste"
36,Portland – Green Streets (dešťové záhony v ulicích),Přívalové deště,Město,"Portland, USA",45.5152,-122.6784,Střední (500 tis. - 5 mil. Kč),Kontinuální (>10 let),"Portland (Oregon) buduje od roku 2003 síť „zelených ulic“ – dešťových záhonů a bioretenčních zálivů v obrubnících, které zachytávají a vsakují odtok z vozovek. Po pilotních projektech (NE Siskiyou Green Street 2003, SW 12th Avenue 2005) přijala městská rada v roce 2007 celoměstskou Green Streets Policy, která ukládá zvažovat zelené řešení u všech dopravních staveb, a fond „One Percent for Green“ (1 % z rozpočtu dopravních staveb na zelené ulice). Město dnes provozuje řádově tisíce zařízení (uváděno přes 2 000 dešťových záhonů a zálivů), o něž pečuje Bureau of Environmental Services (BES) nejméně dvakrát ročně; zapojeni jsou i dobrovolníci v programu Green Street Stewards. Monitoring prokázal snížení kulminačních průtoků z odvodňované plochy o 80–94 % a odstranění cca 90 % nerozpuštěných látek, těžkých kovů a organického znečištění; řešení vyšlo zhruba o 40 % levněji než kapacitní rozšíření kanalizace.","Snížení kulminačních odtoků o 80–94 % a odlehčení jednotné kanalizace – méně přepadů a zaplavených sklepů (přínos pro obyvatele i správce stokové sítě); odstranění až 90 % znečišťujících látek před vstupem do vodních toků (lososí toky Willamette a Columbia Slough); cca 40% úspora oproti rozšiřování potrubí; ozelenění ulic, zklidnění dopravy a zvýšení hodnoty přilehlých nemovitostí.","Zařízení vyžadují pravidelnou údržbu (odstraňování sedimentu a odpadků, obnova vegetace, jarní a podzimní čištění) – při zanedbání klesá vsakovací funkce a zanedbaný vzhled budí nespokojenost obyvatel. Záhony zabírají parkovací pruh nebo část uličního profilu, což vyvolává konflikty s rezidenty; kolize s inženýrskými sítěmi zvyšují náklady. Vsak je limitován v jílovitých půdách a při vysoké hladině podzemní vody (nutná podzemní drenáž). Do ČR přenositelné po ověření vsakovacích poměrů a vyjasnění správcovství (komunikace vs. kanalizace vs. zeleň).","1. Vytipování ulic s problémovým odtokem a vhodnými vsakovacími poměry. 2. Pilotní realizace s monitoringem průtoků před a po. 3. Přijetí celoměstské politiky a stabilního financování (např. procento z dopravních investic). 4. Standardizace typových detailů (záliv v obrubníku, průleh, skladby, výsadby). 5. Realizace při rekonstrukcích ulic i samostatnými projekty. 6. Nastavení údržby (min. 2× ročně) a zapojení dobrovolníků. 7. Vyhodnocování výkonu a průběžná aktualizace standardů.",City of Portland BES,,About Green Streets – City of Portland | https://www.portland.gov/bes/stormwater/about-green-streets | Green Streets Policy (ENB-4.19) | https://www.portland.gov/policies/environment-built/sewer-stormwater-erosion-control/enb-419-green-streets-policy-and-green | City Parks Alliance – Portland Green Street Program | https://cityparksalliance.org/resource/portland-green-street-program/,,,"Infrastruktura, Životní prostředí",Technické,Před krizí – prevence,Zahraniční praxe (převzato ze zdroje),Ověřeno v praxi,approved,"portland – green streets|portland, usa|privalove deste"
37,Seattle – SEA Streets (Street Edge Alternatives),Přívalové deště,Čtvrť,"Seattle, USA",47.6062,-122.3321,Vysoké (5-50 mil. Kč),Střednědobá (1-3 roky),"Street Edge Alternatives (SEA Streets) byl pilotní projekt Seattle Public Utilities dokončený na jaře 2001 v ulici 2nd Avenue NW ve čtvrti Broadview (povodí lososího potoka Pipers Creek). Na úseku cca 200 m (660 stop) byla široká přímá vozovka nahrazena zúženou, mírně zvlněnou komunikací bez klasických obrubníků a vpustí, lemovanou bioretenčními průlehy o retenčním objemu cca 70 m³ (2 500 kubických stop) a osázenou 100 jehličnatými stromy a 1 100 keři; nepropustné plochy se snížily o 11 %. Náklady činily cca 850 000 USD (cca 20 mil. Kč). Dvouleté monitorování prokázalo snížení objemu odtoku o 99 % oproti běžné ulici s obrubníky a dešťovou kanalizací. Na pilot navázaly větší programy přírodního odvodnění (Broadview Green Grid, High Point) a dnešní celoměstský standard zelené dešťové infrastruktury Seattlu.",Téměř úplná eliminace odtoku z ulice (snížení objemu o 99 % u běžných dešťů) – ochrana níže položených nemovitostí před lokálním zaplavením a ochrana potoka Pipers Creek před erozí a znečištěním; o 11 % méně zpevněných ploch a 1 200 nových výsadeb zlepšuje mikroklima ulice; zúžení vozovky zklidnilo dopravu a zvýšilo bezpečnost; obyvatelé získali atraktivnější veřejný prostor. Monitoring navíc ukázal schopnost zvládnout i větší než návrhové deště.,"Vyšší jednorázové náklady než prostá obnova vozovky (zde cca 20 mil. Kč na 200 m ulice) a nutná šířková rezerva v uličním profilu; úprava mění organizaci parkování, což vyvolává odpor části rezidentů. Průlehy vyžadují sezónní údržbu vegetace a odstraňování sedimentů; při deštích nad návrhovou kapacitu musí existovat bezpečná povrchová cesta odtoku. Vsakování limitují málo propustné půdy, svažitost a vysoká hladina podzemní vody. V ČR je nutné prověřit zimní údržbu (posyp, odklízení sněhu) a rozdělení správy mezi silničáře, kanalizace a správce zeleně.","1. Výběr pilotní ulice s problematickým odtokem a vhodnou půdou. 2. Participace s rezidenty (parkování, vzhled, budoucí údržba). 3. Návrh zúžené vozovky s bioretenčními průlehy a výsadbami. 4. Realizace a osázení (zde 100 stromů a 1 100 keřů). 5. Monitoring odtoku před a po realizaci. 6. Vyhodnocení a standardizace řešení pro další ulice a čtvrti. 7. Nastavení trvalé údržby průlehů a vegetace.",City of Seattle,,Street Edge Alternatives – Seattle Public Utilities | https://www.seattle.gov/utilities/neighborhood-projects/street-edge-alternatives | NACTO – SEA Street Pilot | https://nacto.org/latest/street-edge-alternatives-sea-street-pilot-seattle/,,,"Infrastruktura, Životní prostředí",Technické,Před krizí – prevence,Zahraniční praxe (převzato ze zdroje),Ověřeno v praxi,approved,"seattle – sea streets (street edge alternatives)|seattle, usa|privalove deste"
38,Chicago – Green Alley Program (zelené obslužné uličky),"Přívalové deště, Vlny veder",Čtvrť,"Chicago, USA",41.8781,-87.6298,Střední (500 tis. - 5 mil. Kč),Střednědobá (1-3 roky),"Chicago spravuje jednu z největších sítí zadních obslužných uliček (alleys) na světě – přes 1 900 mil (cca 3 000 km) s cca 3 500 akry (1 400 ha) zpevněných ploch, které historicky nebyly napojeny na kanalizaci a způsobovaly lokální záplavy a zatékání do sklepů. Green Alley Program zahájil odbor dopravy města (CDOT) v roce 2006 pěti pilotními uličkami; do konce roku 2009 jich bylo přestavěno přes 100 a typové řešení se stalo standardem každoročních obnov uliček. Zelená ulička kombinuje propustný beton, asfalt nebo dlažbu (vsak dešťové vody přímo na místě), správné spádování, světlé povrchy s vysokou odrazivostí (albedem) proti přehřívání, recyklované materiály (recyklovaný beton, struska, pryžový granulát) a svítidla omezující světelné znečištění. Postupy shrnuje veřejná příručka Green Alley Handbook určená i vlastníkům přilehlých pozemků.","Vsakování srážek přímo v místě odstraňuje lokální záplavy a zatékání do sklepů přilehlých nemovitostí a odlehčuje přetíženou jednotnou kanalizaci (propustné povrchy zvládají běžné deště bez odtoku); světlé povrchy s vysokým albedem snižují povrchové teploty a městský tepelný ostrov; využití recyklátů snižuje materiálovou stopu obnov; řešení nevyžaduje výkup pozemků, protože využívá existující veřejné plochy – přínos pro obyvatele přilehlých domů i správce kanalizace.","Propustné povrchy se zanášejí – bez pravidelného čištění (min. 2× ročně zametacím/sacím vozem) klesá vsakovací schopnost; v zimě je nutné omezit jemný posyp. Obnova je jednotkově dražší než běžný asfalt; vsak není vhodný při kontaminovaném podloží, jílovitých půdách nebo vysoké hladině podzemní vody (nutný geotechnický průzkum). Těžká obsluha (popelářské a zásobovací vozy) zkracuje životnost propustných krytů. V ČR je limitem menší rozsah zadních uliček; princip je ale přenositelný na vnitrobloky, dvory, parkoviště a obslužné komunikace.","1. Pasport uliček a identifikace míst s lokálními záplavami. 2. Geotechnické ověření vsakovacích poměrů. 3. Volba typového řešení (propustný kryt, spádování, vysoké albedo, recykláty). 4. Pilotní realizace a monitoring vsaku. 5. Zapracování do standardu každoročních obnov komunikací. 6. Publikace příručky pro vlastníky přilehlých pozemků. 7. Pravidelné čištění povrchů a kontrola funkce.",City of Chicago,,Green Alleys – City of Chicago (CDOT) | https://www.chicago.gov/city/en/depts/cdot/provdrs/street/svcs/green_alleys.html | Chicago Green Alley Handbook | https://www.chicago.gov/city/en/depts/cdot/supp_info/green_alley.html | AASHTO – Chicago's Green Alley Program | https://environment.transportation.org/case_study/chicagos-green-alley-program/,,,"Infrastruktura, Životní prostředí",Kombinované,Před krizí – prevence,Zahraniční praxe (převzato ze zdroje),Ověřeno v praxi,approved,"chicago – green alley program|chicago, usa|privalove deste, vlny veder"
39,New York – NYC Cool Roofs (reflexní bílé střechy),Vlny veder,Město,"New York City, USA",40.7128,-74.006,Střední (500 tis. - 5 mil. Kč),Kontinuální (>10 let),"NYC CoolRoofs je program města New York běžící od září 2009, který opatřuje ploché střechy bílým reflexním nátěrem, aby omezil přehřívání budov a městský tepelný ostrov. Program vede odbor služeb pro malé podniky (SBS) společně s klimatickou kanceláří města; způsobilé budovy (neziskové organizace, veřejné budovy, dostupné bydlení) získají nátěr zdarma, ostatní za sníženou cenu. Do roku 2019 bylo natřeno přes 10 mil. čtverečních stop (cca 930 000 m²) střech, z toho přes 1 mil. sq ft na budovách městského bydlení NYCHA; roční tempo je zhruba 1 mil. sq ft. Součástí je placený výcvik pracovní síly – účastníci získají cca 300 hodin praxe a bezpečnostní certifikaci OSHA. Reflexní úprava nových a rekonstruovaných plochých střech je od roku 2011 zakotvena i ve stavebních předpisech města (tzv. white/cool roof požadavky).","Dle údajů města reflexní střecha snižuje letní vnitřní teploty budov až o 30 % a náklady na klimatizaci o 10–30 %; plošné nasazení (cca 930 000 m² do roku 2019) tlumí městský tepelný ostrov. Největší přínos mají nízkopříjmové domácnosti bez klimatizace v horních podlažích, kde přehřáté byty způsobují většinu úmrtí při vlnách veder. Nátěr je rychlý a levný (jednotky USD/m²), prodlužuje životnost krytiny a program zároveň vytváří pracovní místa (placený výcvik ~300 hodin s certifikací).","Nátěr degraduje a špiní se – odrazivost klesá a po cca 5–10 letech je nutné přetření (trvalý provozní náklad). Přínos je hlavně letní; v chladnějším klimatu (včetně ČR) mírně zvyšuje potřebu vytápění v zimě, bilanci je nutné spočítat. Neřeší izolaci ani větrání – u špatně zateplených budov je efekt omezený; na šikmé a členité střechy se hodí méně. Vyžaduje souhlas vlastníka a bezpečný přístup na střechu. Bílé střechy samy o sobě vlnu veder nezastaví – jsou doplňkem stínění, zeleně, chladicích center a krizových opatření.","1. Identifikace vhodných plochých střech (mapování, kritéria způsobilosti). 2. Zajištění financování a partnerů (město, neziskové organizace, vlastníci budov). 3. Nábor a placený výcvik pracovních týmů včetně bezpečnosti práce ve výškách. 4. Aplikace reflexního nátěru v letní sezóně a kontrola kvality. 5. Evidence natřených ploch a vyhodnocování teplot a úspor energie. 6. Ukotvení požadavku na reflexní střechy do stavebních předpisů. 7. Cyklická obnova nátěrů po několika letech.",NYC Office of Climate & Environmental Justice,,NYC CoolRoofs – Office of Climate & Environmental Justice | https://climate.cityofnewyork.us/initiatives/nyc-cool-roofs/ | Tisková zpráva města – 10 mil. sq ft (2019) | https://www.nyc.gov/site/sbs/about/pr20190422_NYCCoolRoofs.page | NYC CoolRoofs – SBS | https://nyc-business.nyc.gov/nycbusiness/business-services/incentives/nyc-coolroofs,,,"Budovy, Zdraví, Životní prostředí",Technické,Před krizí – prevence,Zahraniční praxe (převzato ze zdroje),Ověřeno v praxi,approved,"new york – nyc cool roofs|new york city, usa|vlny veder"
40,New York – East Side Coastal Resiliency (ESCR),Povodně,Čtvrť,"New York City, USA",40.7128,-74.006,Vysoké (5-50 mil. Kč),Dlouhodobá (3-10 let),"East Side Coastal Resiliency (ESCR) je protipovodňový projekt New Yorku vyvolaný hurikánem Sandy (2012), který zaplavil Dolní Manhattan. Na 2,4 mílích (cca 3,9 km) nábřeží East River mezi Montgomery Street a hřištěm Asser Levy (u East 25th Street) vzniká souvislá linie ochrany: protipovodňové zdi, zemní valy, 18 mobilních protipovodňových vrat v prostupech a především kompletně přestavěný, o cca 2,5 m zvýšený East River Park (cca 18,5 ha), který slouží zároveň jako povodňová bariéra i rekreační plocha. Rozpočet činí 1,45 mld. USD (cca 33 mld. Kč) – při zahájení šlo o největší městský klimaticko-adaptační projekt v USA. Výstavba běží od listopadu 2020, první úsek (E 15th Street – Asser Levy) byl dokončen v říjnu 2024 a dokončení celku je plánováno na konec roku 2026. Investorem je město (NYC DDC); návrh odpovídá stoleté bouři při hladině moře v 50. letech 21. století dle projekcí NYC Panel on Climate Change.","Ochrana více než 110 000 obyvatel Lower East Side, z toho cca 28 000 v městském sociálním bydlení NYCHA, a kritické infrastruktury (rozvodna, magistrála FDR Drive, nemocnice) před stoletou přílivovou povodní se zohledněním růstu hladiny moře. Oproti holé betonové zdi řešení vrací obyvatelům cca 18,5 ha obnoveného parku – ochrana je zároveň kvalitním veřejným prostorem; mobilní vrata zachovávají běžný přístup k nábřeží mimo povodeň. První úsek byl dokončen s předstihem a cca 10 mil. USD pod rozpočtem.","Extrémně nákladná a stavebně náročná akce (1,45 mld. USD) s víceletým uzavřením nábřežního parku; kácení kolem 1 000 vzrostlých stromů vyvolalo silný odpor části komunity a soudní spory a nové výsadby budou plnit funkce až po desetiletích. Mobilní vrata vyžadují pravidelné zkoušky, personál a protokoly včasného uzavření – selhání jediného prostupu ohrožuje celou linii. Návrh kryje stoletou událost s projekcí do cca 2050; silnější bouře nebo rychlejší růst hladiny znamenají reziduální riziko a nutnost budoucího navyšování. Pro ČR je přenositelný princip integrované bariéry v parku na nábřežích velkých řek, měřítko a náklady však odpovídají mnohamilionové metropoli.","1. Analýza rizika bouřkových přílivů po katastrofě (Sandy 2012) a vymezení chráněného perimetru. 2. Participativní návrh s komunitou a volba koncepce (zvýšený park jako bariéra). 3. Zajištění financování (federální prostředky na obnovu + rozpočet města). 4. Povolovací procesy a rozdělení stavby na fáze a úseky. 5. Výstavba po úsecích s přeložkami sítí a dočasnou ochranou. 6. Instalace a testování mobilních vrat, nastavení provozních protokolů. 7. Obnova parku, monitoring a dlouhodobý plán údržby bariéry i zeleně.",NYC DDC,,East Side Coastal Resiliency – NYC | https://www.nyc.gov/site/escr/index.page | Tisková zpráva o dokončení 1. úseku (10/2024) | https://www.nyc.gov/mayors-office/news/2024/10/mayor-adams-completes-first-section-east-side-coastal-resiliency-project-taking-steps-to | AIA New York – ESCR | https://www.aiany.org/architecture/featured-projects/view/east-side-coastal-resiliency-escr/,,,"Infrastruktura, Obyvatelé a komunita, Finance a majetek",Technické,Před krizí – prevence,Zahraniční praxe (převzato ze zdroje),Převzato ze zdroje,approved,"new york – east side coastal resiliency (escr)|new york city, usa|povodne"
41,Toronto – Green Roof Bylaw (povinné zelené střechy),"Vlny veder, Přívalové deště",Město,"Toronto, Kanada",43.6532,-79.3832,Střední (500 tis. - 5 mil. Kč),Kontinuální (>10 let),"Toronto přijalo v květnu 2009 jako první město Severní Ameriky vyhlášku (Green Roof Bylaw, Municipal Code Chapter 492), která povinně vyžaduje zelené střechy na nových budovách; účinná je od 31. 1. 2010 pro komerční, institucionální a bytovou výstavbu a od roku 2012 i pro průmyslové stavby. Povinnost platí pro novostavby s hrubou podlažní plochou nad 2 000 m²; požadovaný podíl ozeleněné střechy roste odstupňovaně od 20 do 60 % využitelné plochy střechy podle velikosti budovy. Developer může výjimečně zaplatit kompenzaci 200 CAD/m², která financuje dotační program Eco-Roof Incentive (100 CAD/m², max. 100 000 CAD na zelenou střechu; 2–5 CAD/m² na reflexní „cool roof“ u stávajících budov). Do roku 2019 bylo povoleno cca 620 zelených střech o celkové ploše přes 500 000 m²; kvalitu zajišťuje závazný konstrukční standard (Toronto Green Roof Construction Standard).","Systémové rozšiřování zelených střech financované developery: přes 500 000 m² povolených ploch (2009–2019) bez přímých investic města; městem podpořené střechy zadrží odhadem 12 300 m³ srážek ročně a odlehčují kanalizaci. Zelená střecha snižuje teplotu povrchu střechy o 4–5 °C a plošné rozšíření může dle modelů snížit teplotu města o 1,5–2 °C; odhadovaná úspora cca 1 000 MWh ročně na chlazení. Přínos pro uživatele budov (mikroklima, delší životnost hydroizolace) i město (tepelný ostrov, biodiverzita, kvalita vody).","Zvyšuje investiční náklady novostaveb (nese developer a promítá je do cen) a vyžaduje statickou rezervu i kvalitní hydroizolaci; špatně provedená nebo neudržovaná střecha (závlaha v suchu, odplevelení, kontrola vpustí) degraduje a ztrácí retenční i chladicí funkci. Vyhláška se týká jen novostaveb nad 2 000 m² – stávající fond pokrývají pouze dobrovolné dotace; kompenzační platba umožňuje se povinnosti vyhnout. Nutná je důsledná kontrola v povolovacím řízení i při kolaudaci. V ČR by obdoba vyžadovala změnu stavební legislativy nebo územních standardů; dnes ji částečně suplují požadavky na modrozelenou infrastrukturu v územních plánech a dotace (např. Nová zelená úsporám).","1. Analýza potenciálu střech (mapování, přínosy pro retenci a chlazení). 2. Projednání s developery a veřejností, nastavení prahů (plocha nad 2 000 m², podíly 20–60 %). 3. Schválení vyhlášky a závazného konstrukčního standardu. 4. Zavedení kompenzační platby a dotačního programu pro stávající budovy. 5. Kontrola projektů v povolovacím procesu a realizace při kolaudaci. 6. Monitoring ploch, evaluace a úprava sazeb. 7. Osvěta a údržbové návody pro vlastníky budov.",City of Toronto,,Green Roof Bylaw – City of Toronto | https://www.toronto.ca/city-government/planning-development/official-plan-guidelines/green-roofs/green-roof-bylaw/ | ULI Developing Urban Resilience – případová studie | https://developingresilience.uli.org/case/toronto-green-roof-bylaw-and-eco-roof-incentive-program/ | C40 – Toronto Eco-Roof & Green Roof Bylaw | https://www.c40.org/case-studies/city-of-toronto-s-eco-roof-incentive-program-and-green-roof-bylaw/,,,"Budovy, Životní prostředí",Kombinované,Před krizí – prevence,Zahraniční praxe (převzato ze zdroje),Ověřeno v praxi,approved,"toronto – green roof bylaw|toronto, kanada|vlny veder, privalove deste"
42,Vancouver – Rain City Strategy (strategie zelené dešťové infrastruktury),Přívalové deště,Město,"Vancouver, Kanada",49.2827,-123.1207,Střední (500 tis. - 5 mil. Kč),Kontinuální (>10 let),"Rain City Strategy je celoměstská strategie zelené dešťové infrastruktury (GRI), kterou rada Vancouveru schválila v listopadu 2019. Cílem je zachytit a vyčistit 90 % průměrného ročního úhrnu srážek a do roku 2050 spravovat srážkovou vodu pomocí zelené infrastruktury na 40 % nepropustných ploch města; nový návrhový standard zdvojnásobil požadovanou kapacitu zachycení z 24 na 48 mm srážek denně. Strategie pokrývá tři oblasti – ulice, parky a veřejná prostranství a budovy – a navazuje na více než 240 stávajících prvků GRI v ulicích (dešťové záhony, průlehy, propustné povrchy); pilotem je např. modrozelená střecha na Helena Gutteridge Plaza u radnice. Motivací je ochrana kvality vody (lososí toky, přepady jednotné kanalizace), adaptace na přívalové deště i chladnější veřejný prostor; implementaci vede specializovaný útvar města pro zelenou infrastrukturu.","Jasné kvantifikované cíle (zachytit a vyčistit 90 % ročních srážek; 40 % nepropustných ploch pod správou GRI do 2050; návrhový standard 48 mm/den) umožňují měřit pokrok a vymáhat požadavky vůči developerům. Decentralizovaná retence snižuje špičky odtoku a přepady jednotné kanalizace a chrání kvalitu vody v lososích tocích; vegetace zároveň ochlazuje ulice při vlnách veder. Jednotné standardy napříč odbory (doprava, kanalizace, parky) zlevňují realizaci – prvky vznikají při běžných rekonstrukcích.","Strategický dokument sám nic nepostaví – plnění závisí na každoročních rozpočtech a důsledném promítnutí standardů do rekonstrukcí; horizont 2050 přesahuje volební cykly (riziko oslabení priorit). Stovky rozptýlených prvků znamenají rostoucí nároky na údržbu (sedimenty, vegetace, propustné povrchy) a nové kompetence údržbových čet. Prostorové konflikty s parkováním a inženýrskými sítěmi; vsak je limitován geologií. Cíl 90 % se týká běžných srážek – extrémní přívaly vyžadují i kapacitní stoky a bezpečné povrchové cesty odtoku. Pro ČR je přenositelný formát měřitelných cílů a standardů (obdoba pražských standardů modrozelené infrastruktury).","1. Analýza srážek, povodí a nepropustných ploch; inventura stávající zelené infrastruktury. 2. Stanovení měřitelných cílů (90 % srážek, 40 % ploch do 2050, 48 mm/den). 3. Schválení strategie radou a zřízení implementačního útvaru. 4. Aktualizace návrhových standardů pro ulice, parky a budovy (požadavky na developery). 5. Integrace prvků do všech rekonstrukcí a nové výstavby. 6. Pilotní a vlajkové projekty s monitoringem výkonu. 7. Pravidelný reporting pokroku a aktualizace strategie.",City of Vancouver,,Green rainwater infrastructure – City of Vancouver | https://vancouver.ca/home-property-development/green-rainwater-infrastructure-policies-and-reports.aspx | Rain City Strategy (PDF) | https://vancouver.ca/files/cov/rain-city-strategy.pdf | REMI Network – Vancouver adopts Rain City Strategy | https://www.reminetwork.com/articles/vancouver-adopts-new-rain-city-strategy/,,,"Infrastruktura, Životní prostředí",Organizační,Před krizí – prevence,Zahraniční praxe (převzato ze zdroje),Převzato ze zdroje,approved,"vancouver – rain city strategy|vancouver, kanada|privalove deste"
43,Calgary – Flood Resilience po roce 2013,Povodně,Město,"Calgary, Kanada",51.0447,-114.0719,Vysoké (5-50 mil. Kč),Dlouhodobá (3-10 let),"V červnu 2013 zasáhla Calgary největší povodeň v moderní historii Alberty: rozvodněné řeky Bow a Elbow zaplavily centrum i desítky čtvrtí, z Calgary bylo evakuováno kolem 80 000 obyvatel a celkové škody v provincii dosáhly cca 5–6 mld. CAD (tehdy nejnákladnější přírodní katastrofa v dějinách Kanady). Město poté přijalo dlouhodobý plán odolnosti (Flood Resilience Plan) kombinující trvalé bariéry, řízení nádrží, územní plánování a připravenost. Za deset let (2013–2023) dokončilo 25 projektů za cca 1 mld. CAD – mj. protipovodňové bariéry West Eau Claire, Downtown Flood Barrier (2022), Sunnyside a Deerfoot Meadows, nové ocelové hradicí segmenty na nádrži Glenmore (zvětšení retenčního prostoru pro řízení povodní na Elbow) a čerpací stanice. Klíčovým doplňkem je provinční suchá nádrž Springbank Off-stream Reservoir na řece Elbow s retenčním objemem cca 70 mil. m³, dokončovaná v roce 2025.",Expozice Calgary povodňovým škodám klesla mezi lety 2013 a 2023 zhruba o 55 % a po dokončení nádrže Springbank (2025) dosahuje snížení cca 70 %; investice cca 1 mld. CAD chrání veřejný a soukromý majetek v hodnotě cca 68 mld. CAD. Kombinace nádrží Glenmore a Springbank dokáže na řece Elbow zadržet průtok na úrovni povodně 2013; bariéry chrání ekonomické jádro města a obyvatele nábřežních čtvrtí. Součástí je i posílená předpovědní služba a krizové plány – rychlejší varování a evakuace.,"Reziduální riziko zůstává: opatření jsou dimenzována zhruba na úroveň povodně 2013, extrémnější průtoky zejména na řece Bow by ochranu překonaly (velká retenční nádrž na Bow zatím chybí). Trvalé bariéry vyžadují prohlídky a údržbu; mobilní prvky a řízení nádrží závisejí na přesné předpovědi a včasné obsluze. Investičně velmi náročné (miliardy CAD) s dlouhou přípravou – nádrž Springbank provázely spory o výkupy pozemků a posuzování vlivů, dokončena byla až 12 let po povodni. Ochrana může vyvolat falešný pocit bezpečí a tlak na výstavbu v záplavovém území. Pro ČR je přenositelná kombinace suché nádrže (poldru), městských bariér a řízení přehrad.","1. Vyhodnocení povodně 2013 a analýza rizik povodí řek Bow a Elbow. 2. Schválení dlouhodobého plánu odolnosti s prioritizací projektů podle poměru nákladů a přínosů. 3. Koordinace s provincií (nádrž Springbank, legislativa, spolufinancování). 4. Etapová výstavba bariér a úprav nádrží s participací dotčených čtvrtí. 5. Úprava územního plánování a limitů výstavby v záplavových zónách. 6. Posílení předpovědní služby, varování a krizových plánů. 7. Pravidelné prohlídky, údržba a aktualizace plánu.",The City of Calgary,,Flood resilience – The City of Calgary | https://www.calgary.ca/water/flooding/flood-resilience.html | Calgary Flood Resilience Plan (PDF) | https://www.calgary.ca/content/dam/www/uep/water/documents/water-documents/flood-info-documents/reducing-calgarys-flood-risk.pdf | Newsroom Calgary – 10 let od povodní 2013 | https://newsroom.calgary.ca/calgary-flood-protection-significantly-improved-since-2013-floods/,,,"Finance a majetek, Infrastruktura, Obyvatelé a komunita",Kombinované,"Před krizí – prevence, Připravenost systému (IZS)",Zahraniční praxe (převzato ze zdroje),Ověřeno v praxi,approved,"calgary – flood resilience po roce 2013|calgary, kanada|povodne"
44,"Washington, DC – RiverSmart (dotace na hospodaření s dešťovou vodou)",Přívalové deště,Čtvrť,"Washington, D.C., USA",38.9072,-77.0369,Střední (500 tis. - 5 mil. Kč),Kontinuální (>10 let),"RiverSmart je rodina dotačních programů odboru energetiky a životního prostředí Washingtonu, D.C. (DOEE), která od roku 2009 pomáhá vlastníkům nemovitostí zadržovat dešťovou vodu na pozemku a snižovat znečištěné odtoky do řek Anacostia a Potomac. Vlajkový program RiverSmart Homes nabízí zdarma audit hospodaření s dešťovou vodou a silně dotované instalace se symbolickou spoluúčastí: dešťový sud (spoluúčast 100 USD/kus), dešťová zahrada (200 USD), stínící stromy (zdarma), přírodní záhony „BayScaping“ (200 USD) a rebaty na propustné povrchy (15 USD/sq ft, max. 6 000 USD na nemovitost). Sesterské větve cílí na komunity, školy a střechy (dotace na zelené střechy). Ročně program instaluje cca 1 500 prvků a od startu jich umístil přes 20 000. Vlastníci s retenčními prvky navíc získají slevu až 55 % z městského poplatku za dešťovou vodu (RiverSmart Rewards) a až 20 % z poplatku DC Water za program Clean Rivers; financování doplňují granty US EPA na obnovu zálivu Chesapeake.","Přes 20 000 retenčních prvků instalovaných na soukromých pozemcích (cca 1 500 ročně) zadržuje srážky v místě dopadu, snižuje lokální zaplavování i přepady jednotné kanalizace a zlepšuje kvalitu vody v Anacostii a zálivu Chesapeake. Vlastníci získají úpravy za zlomek ceny (spoluúčast 0–200 USD) a trvalou slevu na poplatcích za dešťovou vodu (až 55 % + 20 %), takže se jim opatření rychle vrátí. Město tak levně aktivuje soukromé pozemky, na které veřejné investice nedosáhnou – většina nepropustných ploch je v soukromém vlastnictví.","Funkčnost dlouhodobě závisí na údržbě vlastníky (čištění sudů, plení zahrad, zálivka stromů) – část prvků po letech degraduje; kontrola je omezená na namátkové prohlídky a podmínky slev. Dobrovolný přístup znamená pomalé a prostorově nerovnoměrné pokrytí (zapojují se spíše motivovaní vlastníci); efekt jednotlivého prvku je malý a měřitelné zlepšení povodí vyžaduje tisíce instalací a roky. Administrace žádostí, auditů a dodavatelů je personálně náročná; financování závisí na federálních grantech a výnosu dešťovného. V ČR podobnou roli plní dotace Dešťovka/Nová zelená úsporám – chybí ale propojení s úlevou na poplatcích za odvádění srážkových vod u domácností.","1. Zavedení poplatku za dešťovou vodu podle nepropustné plochy (finanční motivace i zdroj financí). 2. Návrh menu dotovaných opatření a výše spoluúčastí. 3. Nábor a certifikace dodavatelů a auditorů. 4. Bezplatné audity nemovitostí a doporučení vhodných opatření. 5. Instalace prvků dodavateli, evidence a proplacení dotací. 6. Propojení se slevami na poplatcích jako motivace k údržbě. 7. Namátkové kontroly, osvěta a vyhodnocování dopadů na povodí.","Department of Energy & Environment (DOEE), Washington, D.C.",,RiverSmart – DOEE | https://doee.dc.gov/riversmart | RiverSmart Homes – DOEE | https://doee.dc.gov/service/riversmart-homes,,,"Budovy, Životní prostředí",Kombinované,Před krizí – prevence,Zahraniční praxe (převzato ze zdroje),Ověřeno v praxi,approved,"washington, dc – riversmart|washington, d.c., usa|privalove deste"
45,Tokio – G‑Cans (podzemní odlehčovací tunel),"Přívalové deště, Povodně",Region,"Tokio metropolitní oblast, Japonsko",35.6762,139.6503,Vysoké (5-50 mil. Kč),Kontinuální (>10 let),"Metropolitan Area Outer Underground Discharge Channel (MAOUDC, přezdívaný G-Cans) je největší podzemní protipovodňový systém na světě, vybudovaný v letech 1992–2006 (částečný provoz od roku 2002) pod městem Kasukabe v prefektuře Saitama na severním okraji Tokia. Zachycuje povodňové průtoky menších řek v hustě zastavěném, nízko položeném povodí Nakagawa–Ayase a převádí je pod zemí do kapacitní řeky Edogawa. Systém tvoří pět svislých šachet o hloubce cca 70 m a průměru cca 30 m, propojených tunelem dlouhým 6,3 km o průměru cca 10 m v hloubce 50 m, a tlaková vyrovnávací nádrž (tzv. podzemní chrám) o půdorysu 177 × 78 m s výškou cca 18 m a 59 nosnými sloupy. Čerpací stanice se čtyřmi čerpadly poháněnými upravenými leteckými plynovými turbínami přečerpává do Edogawy až 200 m³/s. Stavba za cca 230 mld. jenů (řádově 2 mld. USD) je v provozu od roku 2006; provozuje ji Úřad řeky Edogawa japonského ministerstva MLIT. Mimo povodňové situace je zařízení přístupné exkurzím a slouží i osvětě.","Systém se od zprovoznění využívá v průměru cca 7× ročně a výrazně snížil četnost i rozsah zaplavení v povodí Nakagawa–Ayase, kde žije přes milion obyvatel; podle materiálů MLIT dosáhly kumulativně odvrácené povodňové škody řádu 148 mld. jenů (přes 20 mld. Kč). Kapacita odlehčení 200 m³/s a retenční objem šachet a tunelu chrání domácnosti, průmysl i dopravní infrastrukturu v nejhustěji zastavěné části aglomerace, kde už nebylo možné rozšiřovat povrchová koryta.","Extrémně vysoké investiční náklady (cca 230 mld. jenů) a čtrnáctiletá výstavba; provoz vyžaduje značnou energii pro turbínová čerpadla a po každém použití nákladné odstraňování sedimentů a servis. Systém je dimenzován na konkrétní návrhové srážky – při jejich překročení (nad 200 m³/s odlehčení) zůstává reziduální riziko a nechrání před povodněmi na velkých řekách (Edogawa, Tone). Jde o řešení krajní nouze pro extrémně hustou zástavbu; do ČR je přenositelný spíše princip v menším měřítku (podzemní retenční nádrže a štoly u přetížené jednotné kanalizace), nikoli srovnatelná investice.","1. Hydrologická analýza povodí a identifikace chronicky zaplavovaných území. 2. Studie proveditelnosti podzemního převedení vody do kapacitního recipientu. 3. Zajištění financování a víceleté výstavby (šachty, ražba tunelu, tlaková nádrž, čerpací stanice). 4. Postupné zprovozňování dokončených úseků (zde od 2002, plně 2006). 5. Nastavení provozních pravidel podle předpovědí srážek a kulminací toků. 6. Pravidelný servis čerpadel a odstraňování sedimentů po událostech. 7. Monitoring účinku (odvrácené škody) a komunikace s veřejností (exkurze, osvěta).",MLIT Kanto Regional Development Bureau,,MLIT Kanto Regional Development Bureau | https://www.ktr.mlit.go.jp/english/river/01.html | Wikipedia – Metropolitan Area Outer Underground Discharge Channel | https://en.wikipedia.org/wiki/Metropolitan_Area_Outer_Underground_Discharge_Channel | FloodList – G-Cans Project Tokyo | https://floodlist.com/protection/g-cans-project-tokyo-flood-tunnel,,,"Finance a majetek, Infrastruktura, Obyvatelé a komunita",Technické,Před krizí – prevence,Zahraniční praxe (převzato ze zdroje),Převzato ze zdroje,approved,"tokio – g‐cans (podzemni odlehcovaci tunel)|tokio metropolitni oblast, japonsko|privalove deste, povodne"
46,Singapur – ABC Waters Programme,"Přívalové deště, Vlny veder",Město,Singapur,1.3521,103.8198,Vysoké (5-50 mil. Kč),Kontinuální (>10 let),"Program Active, Beautiful, Clean Waters (ABC Waters) spustila v roce 2006 singapurská národní vodohospodářská agentura PUB s výhledem do roku 2030. Cílem je proměnit síť cca 8 000 km převážně betonových kanálů a 17 nádrží z čistě technické infrastruktury na modrozelené veřejné prostory: naturalizovaná koryta, biofiltrační průlehy, dešťové zahrady a mokřady, které zlepšují kvalitu vody, zpomalují odtok přívalových srážek a ochlazují okolí. Do roku 2022 PUB dokončila 51 projektů z více než 100 identifikovaných lokalit; certifikaci ABC Waters získalo 102 projektů včetně soukromých developmentů. Vlajkovým projektem je park Bishan–Ang Mo Kio (dokončen 2012, cca 77 mil. SGD), kde byl 2,7 km dlouhý betonový kanál řeky Kallang přeměněn na 3,2 km meandrující přírodní koryto uprostřed parku o rozloze 62 ha; niva parku slouží při přívalových deštích jako řízená rozlivová zóna. Program dále tvoří závazné návrhové směrnice (ABC Waters Design Guidelines), certifikační schéma a vzdělávací program ABC Waters Professional.","51 dokončených veřejných projektů (2006–2022) a 102 certifikovaných projektů zvyšuje retenční a filtrační kapacitu města; biofiltrační prvky čistí vodu přitékající do nádrží pitné vody (Singapur sbírá dešťovou vodu ze dvou třetin svého území). Park Bishan–Ang Mo Kio bezpečně převádí přívalové průtoky řízeným rozlivem v nivě, čímž chrání navazující hustě obydlené čtvrti, a zároveň slouží milionům návštěvníků ročně; vodní a vegetační prvky lokálně snižují teplotu a zvyšují biodiverzitu. Přínos pro obyvatele (rekreace, ochlazení), vodárenství (kvalita surové vody) i ochranu majetku.","Vegetační čisticí prvky vyžadují trvalou odbornou údržbu (sedimenty, obnova rostlin, v tropech přísná kontrola líhnišť komárů kvůli horečce dengue) – bez ní účinnost biofiltrace rychle klesá. Naturalizovaná koryta potřebují více prostoru než kanály a bezpečnostní opatření pro náhlé stoupnutí hladiny (varovné systémy, značení v parcích). Vysoké počáteční investice (přestavba Bishan–Ang Mo Kio cca 77 mil. SGD) a závislost na silné centrální instituci (PUB); v podmínkách ČR by obdobný program vyžadoval koordinaci měst, správců toků a povodí.","1. Celoměstská koncepce a identifikace vhodných lokalit (zde přes 100 míst s výhledem do 2030). 2. Vydání jednotných návrhových směrnic (ABC Waters Design Guidelines). 3. Realizace pilotních a vlajkových projektů na městských pozemcích (parky, kanály). 4. Certifikační schéma motivující soukromé developery. 5. Vzdělávání a akreditace projektantů (ABC Waters Professional Programme). 6. Realizace projektů s protipovodňovým posouzením a varovnými prvky. 7. Dlouhodobá údržba dle standardů a monitoring kvality vody a funkce.",PUB Singapore,,PUB – About ABC Waters | https://www.pub.gov.sg/Public/Places-of-Interest/Our-Reservoirs-and-Waterways/ABC-Waters/About | MSE Singapore – projev na ABC Waters Seminar 2022 | https://mse.gov.sg/resource-room/category/2022-04-20-speech-at-the-abc-waters-seminar-2022 | EBRD Green Cities – Singapore's ABC Water Programme | https://ebrdgreencities.com/policy-tool/singapores-abc-water-programme/,,,"Životní prostředí, Obyvatelé a komunita",Kombinované,Před krizí – prevence,Zahraniční praxe (převzato ze zdroje),Převzato ze zdroje,approved,"singapur – abc waters programme|singapur|privalove deste, vlny veder"
47,Bangkok – Chulalongkorn Centenary Park (gravitační retenční park),Přívalové deště,Čtvrť,"Bangkok, Thajsko",13.7563,100.5018,Vysoké (5-50 mil. Kč),Střednědobá (1-3 roky),"Chulalongkorn University Centenary Park, otevřený v březnu 2017 ke 100. výročí univerzity, je první velký park v Bangkoku navržený primárně pro hospodaření s přívalovou dešťovou vodou. Park o rozloze 4,5 ha (11 akrů) v centru města navrhla krajinářská architektka Kotchakorn Voraakhom (studio LANDPROCESS). Celý pozemek je skloněn o 3°, takže voda gravitačně stéká od zelené střechy hlavní budovy (5 220 m², při otevření největší v Thajsku) přes čtyři kaskádovité umělé mokřady do retenční nádrže na nejnižším konci; pod zelenou střechou jsou navíc podzemní nádrže. Systém dokáže zadržet celkem až cca 1 milion galonů (cca 3 800 m³) vody, která by jinak zatěžovala kanalizaci okolních čtvrtí; zadržená voda se v suchém období využívá k závlaze parku. Park vlastní a spravuje Chulalongkornova univerzita; slouží jako veřejný prostor města, které se propadá a patří k nejzranitelnějším vůči záplavám na světě.","Retence až cca 3 800 m³ srážkové vody na ploše 4,5 ha snižuje zaplavování okolních ulic a odlehčuje přetížené kanalizaci; mokřady vodu zároveň biologicky čistí a nádrž slouží jako zásobárna pro závlahu v období sucha (park nepotřebuje pitnou vodu na zálivku). Zeleň a vodní prvky ochlazují přehřáté centrum Bangkoku a poskytují rekreační prostor studentům i veřejnosti. Projekt získal mezinárodní ocenění (ASLA Professional Award 2019) a inspiroval další retenční parky v Bangkoku.","Kapacita je lokální – park chrání okolní bloky, nikoli celé město; při monzunových srážkách nad návrhovou kapacitu se přínos vyčerpá a reziduální riziko trvá. Vodní prvky v tropickém klimatu vyžadují trvalou údržbu (sedimenty, vegetace mokřadů, kontrola komárů, servis čerpadel) a stabilní rozpočet správce; investice odpovídala velkému parkovému projektu (kategorie vysokých nákladů). Přenositelnost do ČR: princip skloněného terénu a kaskády mokřadů je aplikovatelný, ale dimenzování je nutné přepočítat na středoevropské srážky a vegetaci; vyžaduje dostatečně velký souvislý pozemek jednoho vlastníka.","1. Analýza odtokových poměrů lokality a okolních čtvrtí. 2. Návrh skloněného terénu (zde 3°) a gravitačního řetězce: zelená střecha → kaskáda mokřadů → retenční nádrž → podzemní nádrže. 3. Dimenzování celkové retence (zde cca 3 800 m³) na návrhový déšť. 4. Realizace parku včetně napojení na uliční odvodnění (1–3 roky). 5. Nastavení provozu: využití zadržené vody k závlaze, sezónní čištění mokřadů a nádrží. 6. Monitoring funkce při přívalových deštích a osvěta veřejnosti.",Chulalongkorn University / LANDPROCESS,,"ASLA 2019 Professional Awards | https://www.asla.org/2019awards/620062-Chulalongkorn_University_Centenary_Park.html | TED Ideas – When Bangkok floods, this park does something amazing | https://ideas.ted.com/when-bangkok-floods-and-it-floods-a-lot-this-park-does-something-amazing/ | Chulalongkorn University | https://www.chula.ac.th/en/highlight/11722/",,,"Životní prostředí, Obyvatelé a komunita",Technické,Před krizí – prevence,Zahraniční praxe (převzato ze zdroje),Převzato ze zdroje,approved,"bangkok – chulalongkorn centenary park (gravitacni retencni park)|bangkok, thajsko|privalove deste"
48,Soul – obnova Cheonggyecheon (otevření koryta),"Vlny veder, Povodně",Město,"Soul, Jižní Korea",37.5665,126.978,Vysoké (5-50 mil. Kč),Dlouhodobá (3-10 let),"V letech 2003–2005 odstranil Soul vyvýšenou dálnici a betonové zakrytí říčky Cheonggyecheon v centru města a na délce 5,8 km obnovil otevřené koryto s nábřežními promenádami. Projekt za cca 386 mld. wonů (přes 300 mil. USD) prosadila soulská metropolitní vláda; samotná stavba trvala jen 27 měsíců a koridor byl otevřen v září 2005. Koryto je dimenzováno na 200letou povodeň; protože původní tok je většinu roku téměř suchý, dotuje se průtok denně cca 120 000 m³ vody čerpané z řeky Han a z podzemních vod metra. Koridor spravuje Seoul Metropolitan Government a projekt se stal celosvětově citovaným příkladem nahrazení dopravní infrastruktury modrozelenou páteří města.","Měření města ukázala, že teplota vzduchu podél obnoveného toku je o 3,3–5,9 °C nižší než na souběžných ulicích o několik bloků dál a koridor zlepšil provětrávání centra; kapacitní koryto chrání okolí před přívalovou povodní (návrh na 200letou vodu). Biodiverzita výrazně vzrostla (počet druhů ryb ze 4 na 25, ptáků z 6 na 36). Promenády navštěvuje v průměru přes 60 000 lidí denně; projekt zvýšil hodnotu okolních nemovitostí a podpořil veřejnou dopravu, protože rušení dálnice doprovázela posílená autobusová síť.","Vysoká investice (cca 386 mld. wonů) a trvalé provozní náklady na čerpání a čištění vody dotující průtok (řádově miliardy wonů ročně) – jde částečně o „umělou řeku“, což je projektu vyčítáno. Při intenzivních deštích se koridor rychle plní a musí být uzavírán a vyklízen (reziduální riziko pro návštěvníky v korytě). Odstranění dálnice vyžadovalo odvážnou dopravní politiku; bez posílení MHD by hrozily kongesce. Revitalizace zvedla nájmy v okolí (gentrifikace). Do ČR je přenositelný princip odkrývání zatrubněných toků v menším měřítku; nákladná umělá dotace průtoku je v našich podmínkách sporná.","1. Politické rozhodnutí a studie proveditelnosti (2002). 2. Dopravní opatření nahrazující rušenou kapacitu (posílení autobusové sítě, řízení dopravy). 3. Demolice vyvýšené dálnice a odkrytí zatrubněného koryta. 4. Úprava koryta na návrhovou 200letou povodeň a krajinářské řešení nábřeží. 5. Zajištění dotace průtoku (cca 120 000 m³/den) a jakosti vody. 6. Otevření (2005), správa, monitoring teplot, biodiverzity a návštěvnosti. 7. Provozní pravidla pro přívalové deště (varování, uzavírky koridoru).",Seoul Metropolitan Government,,Seoul Metropolitan Government – Cheonggyecheon | https://english.seoul.go.kr/policy/infrastructure/cheonggyecheon/ | Wikipedia – Cheonggyecheon | https://en.wikipedia.org/wiki/Cheonggyecheon,,,"Finance a majetek, Infrastruktura, Životní prostředí",Technické,Před krizí – prevence,Zahraniční praxe (převzato ze zdroje),Převzato ze zdroje,approved,"soul – obnova cheonggyecheon (otevreni koryta)|soul, jizni korea|vlny veder, povodne"
49,Montréal – „Ruelles vertes/bleues“ (zelené/retence uličky),"Přívalové deště, Vlny veder",Čtvrť,"Montréal, Kanada",45.5017,-73.5673,Střední (500 tis. - 5 mil. Kč),Kontinuální (>10 let),"Montréal má síť cca 4 000 vnitroblokových uliček o souhrnné délce přes 400 km; typická ulička měří cca 300 × 4 m. Od roku 1997, kdy vznikla první zelená ulička na Plateau-Mont-Royal, město ve spolupráci s programem Éco-quartier (funguje od 1995) postupně mění zanedbané asfaltové uličky na „ruelles vertes“: odstraňuje se část zpevněného povrchu (depaving), vysazuje zeleň, instalují truhlíky, popínavky a mobiliář. Iniciativa vychází vždy od obyvatel bloku, kteří podají žádost; městská část (arrondissement) hradí stavební úpravy a místní éco-quartier koordinuje návrh i následnou komunitní péči. Do počátku 20. let 21. století vzniklo přes 450 zelených uliček (nejvíce v Rosemont–La Petite-Patrie, kde jich je přes 100, a na Plateau-Mont-Royal) a počet dále roste. Od roku 2017 se navíc pilotně testují „ruelles bleues-vertes“, které do uličky svádějí a vsakují dešťovou vodu ze střech okolních domů (pilotní projekty v Mercier–Hochelaga-Maisonneuve a Le Sud-Ouest).","Odstranění asfaltu a výsadby snižují letní teploty ve vnitroblocích (zmírnění tepelného ostrova) a umožňují vsak srážek tam, kde je jednotná kanalizace přetížená; přes 450 realizovaných uliček představuje v souhrnu desítky hektarů částečně odzpevněných ploch. Model ruelles bleues-vertes navíc odlehčuje kanalizaci odpojením střešních svodů. Jednotkové náklady jsou nízké (úprava jedné uličky řádově desítky tisíc CAD) a silný komunitní efekt – obyvatelé prostor sami spravují a užívají, což posiluje sousedské vazby, bezpečnost a péči o veřejný prostor.","Závislost na dobrovolné komunitní údržbě – kde aktivita obyvatel ochabne, zeleň degraduje a péči musí převzít městská část; kvalita jednotlivých uliček se výrazně liší. Retenční a chladicí efekt jedné uličky je malý, významu nabývá až plošným rozšířením na stovky uliček. Časté jsou konflikty o parkování, průjezd a zimní údržbu (odklízení sněhu). V ČR je analogická proměna vnitrobloků a zadních traktů možná, vyžaduje však vyjasnění vlastnictví (v Montréalu jsou uličky veřejné) a zapojení SVJ a vlastníků domů.","1. Skupina obyvatel bloku podá žádost městské části / éco-quartier. 2. Komunitní plánování návrhu (ankety, sousedská setkání). 3. Schválení a financování stavebních úprav městskou částí. 4. Depaving a výsadby (dodavatel + brigády obyvatel). 5. Slavnostní otevření a dohoda o komunitní péči. 6. Roční programy údržby a oživování koordinované éco-quartier. 7. U ruelles bleues-vertes navíc technické řešení svedení a vsaku střešních vod.",Ville de Montréal,,Regroupement des éco-quartiers – Ruelles vertes | https://www.eco-quartiers.org/ruelles-vertes | Données ouvertes Montréal – Ruelles vertes | https://donnees.montreal.ca/dataset/ruelles-vertes | Wikipédia – Ruelle verte | https://fr.wikipedia.org/wiki/Ruelle_verte,,,"Životní prostředí, Obyvatelé a komunita",Technické,Před krizí – prevence,Zahraniční praxe (převzato ze zdroje),Převzato ze zdroje,approved,"montreal – „ruelles vertes/bleues“ (zelene/retence ulicky)|montreal, kanada|privalove deste, vlny veder"
50,Toronto – „Cool Streets“ a stromy (doplněk k bylaw),Vlny veder,Čtvrť,"Toronto, Kanada",43.6532,-79.3832,Střední (500 tis. - 5 mil. Kč),Kontinuální (>10 let),"Toronto systematicky ozeleňuje ulice jako doplněk svého průkopnického Green Roof Bylaw (2009, první severoamerické nařízení povinných zelených střech u novostaveb nad 2 000 m² hrubé podlažní plochy). Městská správa lesů (Urban Forestry) pečuje o cca 11,5 milionu stromů a naplňuje cíl strategického plánu: zvýšit korunový zápoj z cca 28–31 % na 40 % území do roku 2050. Město vysazuje řádově 100 000 stromů ročně (včetně parků a přírodních ploch); majitelé nemovitostí si mohou přes linku 311 zdarma objednat výsadbu uličního stromu do pásu před svým domem. Výsadby jsou přednostně směrovány do přehřátých ulic a čtvrtí s nízkým zápojem identifikovaných mapováním tepelných ostrovů (přístup označovaný jako „cool streets“). V horkých obdobích město navíc aktivuje síť ochlazovacích míst (klimatizované veřejné budovy, bazény, vodní prvky).","Vzrostlá stromořadí snižují povrchové teploty zastíněných ulic o 10 i více °C a teplotu vzduchu v přehřátých čtvrtích typicky o 1–3 °C; naplnění cíle 40% zápoje (ze současných cca 28–31 %) má přinést i retenci srážek a úspory energie na chlazení budov. Bezplatná výsadba na žádost rezidentů zpřístupňuje přínosy i čtvrtím s nižšími příjmy, kde bývá zápoj nejmenší a úmrtnost při vedrech nejvyšší; síť ochlazovacích míst chrání zdraví seniorů a dalších zranitelných skupin během vln veder.","Plný chladicí efekt stromů se dostaví až po 10–20 letech růstu; mladé výsadby vyžadují zálivku v prvních 2–3 letech a ochranu, mortalita uličních stromů v dlažbě je bez dostatečného prokořenitelného prostoru vysoká. Dlouhodobé náklady na ořezy, kontroly a náhrady nese město; časté jsou konflikty s inženýrskými sítěmi a parkováním. Zápoj roste pomalu a škůdci mohou pokrok vracet (krasec jasanový zničil velkou část torontských jasanů). Přenositelnost do ČR je vysoká, vyžaduje však standardy výsadbových jam (prokořenitelné buňky) a stabilní rozpočet následné péče.","1. Stanovení cíle korunového zápoje ve strategickém plánu (zde 40 % do 2050). 2. Mapování tepelných ostrovů a zápoje po čtvrtích. 3. Priorizace výsadeb do přehřátých a podzásobených ulic. 4. Program bezplatné výsadby uličních stromů na žádost rezidentů (linka 311). 5. Standardy výsadby a následné péče (zálivka, ořezy, náhrady). 6. Doplňkové nástroje: povinné zelené střechy (bylaw), síť ochlazovacích míst při vedrech. 7. Pravidelné kanopní studie a aktualizace plánu.",City of Toronto,,City of Toronto – Tree Planting | https://www.toronto.ca/services-payments/water-environment/trees/tree-planting/ | CBC News – Cooling Canopy | https://newsinteractives.cbc.ca/features/2022/heat-island-solutions/ | Tree Canada – Trees and Urban Heat Island | https://treecanada.ca/urban-forestry-guide/trees-and-urban-heat-island-uhi/,,,"Zdraví, Životní prostředí",Organizační,Před krizí – prevence,Zahraniční praxe (převzato ze zdroje),Převzato ze zdroje,approved,"toronto – „cool streets“ a stromy (doplnek k bylaw)|toronto, kanada|vlny veder"
51,Paris – rozšiřování vodních mlžítek a pítkových sítí,Vlny veder,Čtvrť,"Paříž, Francie",48.8566,2.3522,Střední (500 tis. - 5 mil. Kč),Kontinuální (>10 let),"Paříž v rámci adaptace na vlny veder systematicky rozšiřuje veřejnou síť pítek a mlžítek. Městský vodárenský podnik Eau de Paris provozuje cca 1 300 veřejných pitných fontánek (včetně historických Wallaceových fontán z roku 1872), z toho 120 kombinovaných fontán „2 v 1“, které kromě pitné vody nabízejí i mlžení (70 sloupků typu Mât-Source a 50 Wallaceových fontán dovybavených mlžicím prstencem); v parcích se v létě instalují i dočasná mlžítka. Síť je součástí krizového plánu canicule: město publikuje mapu „ostrůvků a tras chladu“ (îlots de fraîcheur – parky, kostely, muzea, bazény, chlazené sály; v roce 2026 přes 1 400 míst) a během veder ponechává vybrané parky otevřené i v noci. Pítka jsou v provozu sezónně zhruba od jara do podzimu (zazimování kvůli mrazu); provoz zajišťují Eau de Paris a Ville de Paris.","Okamžitě dostupné ochlazení a hydratace ve veřejném prostoru: cca 1 300 pítek a 120 mlžicích fontán pokrývá celé město a mlžení snižuje pocitovou teplotu v bezprostředním okolí o několik °C; v průzkumu Eau de Paris považuje 97 % uživatelů zařízení za užitečná či nezbytná. Bezplatná pitná voda omezuje dehydrataci a přehřátí u seniorů, dětí a lidí bez domova – skupin s nejvyšší úmrtností při kanikulách; mapa více než 1 400 chladných míst zkracuje docházkovou vzdálenost k ochlazení v celém městě.","Sezónní a údržbově náročný provoz (čištění, kontroly kvality vody, zazimování; mlžení zvyšuje spotřebu pitné vody) – náklady nese město a vodárenský podnik. Mlžítka působí jen lokálně a krátkodobě: neřeší přehřívání budov ani vysoké noční teploty, proto musí být kombinována se stíněním a zelení. Při zanedbané údržbě hrozí hygienická rizika (stagnující voda, u nevhodných systémů legionely). V ČR snadno přenositelné, vyžaduje však jasného správce sítě, rozpočet na sezónní servis a soulad s vodárenskými předpisy pro mlžení pitnou vodou.","1. Zmapování docházkové dostupnosti pítek a chladných míst po čtvrtích. 2. Plán doplnění sítě (priority: náměstí, zastávky, parky, sociálně slabší čtvrti). 3. Výběr typů zařízení (pítko, mlžicí fontána „2 v 1“, dočasné mlžítko) a instalace. 4. Sezónní zprovoznění na jaře a zazimování na podzim. 5. Pravidelná údržba a kontrola kvality vody. 6. Publikace mapy chladných míst a komunikace v rámci plánu canicule (vč. nočního otevření parků). 7. Vyhodnocování využití a postupné rozšiřování sítě.",Ville de Paris,,Eau de Paris – Rafraîchir la ville | https://www.eaudeparis.fr/rafraichir-la-ville | Ville de Paris – Paris s'adapte au changement climatique | https://www.paris.fr/pages/paris-s-adapte-au-changement-climatique-18541,,,"Zdraví, Obyvatelé a komunita",Technické,"Před krizí – prevence, Přímo v krizi – krátkodobá reakce",Zahraniční praxe (převzato ze zdroje),Převzato ze zdroje,approved,"paris – rozsirovani vodnich mlzitek a pitkovych siti|pariz, francie|vlny veder"
52,Hamburk – podpora zelených střech (dotace),"Vlny veder, Přívalové deště",Město,"Hamburk, Německo",53.5511,9.9937,Střední (500 tis. - 5 mil. Kč),Kontinuální (>10 let),"Hamburk přijal v roce 2014 jako první německé velkoměsto ucelenou strategii zelených střech (Gründachstrategie, koordinuje úřad pro životní prostředí BUKEA ve spolupráci s HafenCity Universität). Cílem je ozelenit celkem 100 ha střešních ploch a dosáhnout ozelenění 70 % novostaveb i vhodných rekonstruovaných plochých střech. Finanční pilíř tvoří dotační program administrovaný městskou bankou IFB Hamburg: jednorázový příspěvek na dobrovolné ozelenění střech (od roku 2020 i fasád) až do 100 000 € na budovu, při minimální vegetační ploše 20 m² a tloušťce substrátu min. 8 cm (u novostaveb s pobytovými prostory 12 cm); na program byly vyčleněny cca 3 mil. € do roku 2024. Trvalou motivací je navíc 50% snížení poplatku za odvádění srážkové vody (Niederschlagswassergebühr) pro ozeleněné střechy; u nové výstavby jsou zelené střechy zakotvovány i v územních plánech.","Extenzivní zelená střecha zadrží typicky 50–60 % ročního úhrnu srážek a zpomalí odtok při přívalových deštích, čímž odlehčuje kanalizaci; zároveň snižuje letní přehřívání budovy (úspory chlazení) i teplotu okolí. Vlastníkům se investice vrací dotací (až 100 000 € na budovu) a trvale nižším poplatkem za srážkovou vodu (−50 %); město získává distribuovanou retenci bez záboru pozemků – cílových 100 ha odpovídá při běžné retenci 20–30 l/m² zadržení řádově 20–30 tis. m³ na jednu srážkovou událost. Kombinace „dotace + trvalá úleva na poplatku + požadavky v plánování“ prokazatelně zrychluje rozšiřování zelených střech.","Rozpočtový strop programu (cca 3 mil. € do 2024) limituje tempo a dotace kryje jen část nákladů – zájem soukromých vlastníků kolísá. Kvalita realizací vyžaduje technické podmínky a kontroly (minimální tloušťka substrátu, údržba a zálivka v prvních letech, v suchých letech riziko zaschnutí extenzivní vegetace); špatně provedená střecha může zatékat, nutné je odborné řešení hydroizolace a statiky. Celoměstský efekt na kanalizaci se dostaví až při plošném rozšíření. Do ČR je dobře přenositelný zejména mix dotace a trvale snížených poplatků za srážkovou vodu.","1. Přijetí městské strategie s kvantifikovaným cílem (zde 100 ha, 70 % novostaveb). 2. Zřízení dotačního programu u městské banky (IFB) s jasnými technickými podmínkami (min. 20 m², substrát 8–12 cm, max. 100 000 €/budova). 3. Zavedení trvalé motivace: 50% sleva na poplatku za srážkovou vodu. 4. Zakotvení zelených střech do územních plánů a povolování staveb. 5. Poradenství a osvěta pro vlastníky a projektanty. 6. Kontroly realizací a průběžné vyhodnocování plnění cíle. 7. Rozšíření programu podle zkušeností (od 2020 i fasádní zeleň).",Freie und Hansestadt Hamburg,,Hamburg.de – Gründachstrategie Hamburg | https://www.hamburg.de/politik-und-verwaltung/behoerden/bukea/themen/hamburgs-gruen/gruendach-und-gruene-fassaden/gruendachstrategie-hamburg-281226 | Förderdatenbank – Hamburger Gründachförderung | https://www.foerderdatenbank.de/FDB/Content/DE/Foerderprogramm/Land/Hamburg/hamburger-gruendachfoerderung.html | BfN – Hamburgs Gründachstrategie | https://www.bfn.de/praxisbeispiele/hamburgs-gruendachstrategie-gruene-daecher-als-lebensraum-nutzen,,,"Budovy, Životní prostředí",Kombinované,Před krizí – prevence,Zahraniční praxe (převzato ze zdroje),Převzato ze zdroje,approved,"hamburk – podpora zelenych strech (dotace)|hamburk, nemecko|vlny veder, privalove deste"
53,Regenwasseragentur Berlin (městská agentura),"Přívalové deště, Sucho",Město,"Berlín, Německo",52.52,13.405,Střední (500 tis. - 5 mil. Kč),Kontinuální (>10 let),"Berlínskou agenturu pro dešťovou vodu (Berliner Regenwasseragentur) založily v roce 2018 společně země Berlín (senátní správa pro životní prostředí) a městský vodárenský podnik Berliner Wasserbetriebe jako centrální kompetenční místo pro přestavbu Berlína na „houbové město“ (Schwammstadt). Agentura sama nestaví, ale odstraňuje bariéry: poskytuje bezplatné vstupní poradenství vlastníkům nemovitostí, developerům, městským částem i školám, provozuje online nástroje (kalkulačky, katalog realizovaných projektů, vyhledávač odborných firem), pořádá workshopy a školení a propojuje aktéry. Rámec tvoří berlínská pravidla, podle nichž nové zástavby musejí od roku 2018 hospodařit se srážkovou vodou na pozemku (omezení odtoku do jednotné kanalizace), a dlouhodobý cíl postupně odpojovat zpevněné plochy od kanalizace, aby se omezily přepady nečištěné vody do Sprévy a voda se využila pro zeleň a ochlazování města.","Jednotné kontaktní místo zrychluje a zlevňuje přípravu opatření (zelené střechy, vsakovací průlehy, retenční nádrže, odpojování svodů) – žadatelé nemusejí obcházet více úřadů a vstupní konzultace jsou zdarma. Decentrální retence současně snižuje přepady jednotné kanalizace do vodních toků při přívalových deštích a zadržuje vodu ve městě proti suchu a horku – dvojí přínos u obou extrémů. Za prvních pět let (2018–2023) agentura poskytla stovky konzultací a etablovala principy Schwammstadt jako standard berlínského plánování; model „agentury“ je levný na zřízení a snadno přenositelný.","Účinnost závisí na tom, zda vlastníci a městské části opatření skutečně realizují – u stávajících soukromých pozemků je vše dobrovolné (motivací je oddělený poplatek za srážkovou vodu a dotace), povinnost platí jen pro novou výstavbu. Efekt na kanalizaci a vodní toky se projeví až kumulací mnoha malých opatření v horizontu let až desetiletí. Financování a mandát agentury musejí být dlouhodobě zajištěny oběma zřizovateli. V ČR přenositelné jako městské „centrum hospodaření s dešťovou vodou“; vyžaduje spolupráci města a vodáren a provázání s poplatky a dotacemi.","1. Dohoda města a vodárenského podniku o zřízení a financování agentury. 2. Sestavení malého odborného týmu a definice služeb (poradenství, nástroje, vzdělávání). 3. Zavedení bezplatných vstupních konzultací pro vlastníky a městské části. 4. Publikace katalogu vzorových projektů, kalkulaček a map. 5. Workshopy a školení pro projektanty, správce a úřady. 6. Provázání s regulací (povinné hospodaření se srážkovou vodou u novostaveb) a ekonomickými nástroji (poplatek za srážkovou vodu, dotace). 7. Vyhodnocování počtu konzultací a odpojených zpevněných ploch.",Regenwasseragentur Berlin,,Berliner Regenwasseragentur | https://www.regenwasseragentur.berlin/ | Berliner Wasserbetriebe – Schwammstadt Berlin | https://www.bwb.de/de/schwammstadt-berlin.php | Berlin.de – Regenwasseragentur | https://www.berlin.de/sen/uvk/umwelt/wasser-und-geologie/regenwasser/regenwasseragentur/,,,Životní prostředí,Organizační,Před krizí – prevence,Zahraniční praxe (převzato ze zdroje),Převzato ze zdroje,approved,"regenwasseragentur berlin (mestska agentura)|berlin, nemecko|privalove deste, sucho"
54,Stockholm – Skyfallsplan (plán zvládání přívalových dešťů),Přívalové deště,Město,"Stockholm, Švédsko",59.3293,18.0686,Střední (500 tis. - 5 mil. Kč),Kontinuální (>10 let),"Stockholm buduje systematickou připravenost na přívalové deště (švédsky „skyfall“) kombinací celoměstského modelování a závazného plánování. Město nechalo zpracovat detailní srážko-odtokový model celého území (skyfallsmodell), který simuluje 100letý přívalový déšť včetně klimatického faktoru (navýšení intenzit s výhledem ke konci století) a mapuje, kudy voda po povrchu poteče a kde se bude hromadit. Výstupy jsou podkladem pro územní plánování i projekty: nové čtvrti se navrhují tak, aby ani 100letý déšť nezpůsobil škody na zástavbě – ulice, parky a náměstí slouží jako řízené povrchové cesty odtoku a retence (modrozelená, „blågröna“ řešení). Zastupitelstvo (kommunfullmäktige) přijalo 13. 12. 2021 akční plán klimatické adaptace na období 2022–2025, který obsahuje samostatné zásady pro skyfall; hospodaření s dešťovou vodou dále upravuje městská dešťová strategie z roku 2015. Za realizaci odpovídají město Stockholm a městský podnik Stockholm Vatten och Avfall, který spravuje odvodnění.","Město má kvantifikovanou mapu rizika pro celé území (100letý déšť s klimatickým faktorem): ví, které ulice, podjezdy a čtvrti se zaplaví, a může investice směrovat tam, kde odvrátí největší škody – priorizace šetří prostředky. Zásada „novostavby bez škod při 100letém dešti“ přenáší náklady adaptace do běžné výstavby. Podle SMHI vzrostou roční srážky ve Švédsku do konce století o 20–30 % a extrémní přívaly zčetní; systematický plán snižuje budoucí škody na majetku a infrastruktuře – varováním je kodaňská průtrž z roku 2011 se škodami cca 0,8–1 mld. €, která tento typ plánování ve Skandinávii odstartovala.","Plán sám o sobě neochrání – vyžaduje dlouhodobé investice do povrchových retencí a přestaveb ulic, přičemž prostor v husté zástavbě je omezený; realizace se rozkládá na desetiletí a do té doby trvá reziduální riziko. Odpovědnost je rozdělena mezi město, vodárenský podnik a soukromé vlastníky (na soukromých pozemcích má město omezené nástroje). Model pracuje s odhady klimatického faktoru – skutečné srážky mohou být intenzivnější; model i plán je nutné pravidelně aktualizovat. Přenositelnost do ČR je vysoká (mapy povrchového odtoku, koncepce hospodaření se srážkovou vodou), vyžaduje však kvalitní data a koordinaci se správci sítí.","1. Pořízení celoměstského srážko-odtokového modelu (100letý déšť + klimatický faktor). 2. Mapování rizikových míst a škodních potenciálů. 3. Zakotvení zásad do závazných dokumentů (akční plán adaptace, dešťová strategie, územní plánování). 4. Priorizace povodí a návrh strukturálních opatření (retenční parky, modrozelené ulice, povrchové cesty odtoku). 5. Postupná realizace v rámci investic a přestaveb veřejných prostranství. 6. Provoz a údržba modrozelené infrastruktury (Stockholm Vatten och Avfall). 7. Aktualizace modelu a plánu podle nových dat a proběhlých událostí.",Stockholms stad,,Stockholms stad – Miljöbarometern: Skyfall | https://miljobarometern.stockholm.se/klimat/klimatanpassning/skyfall/ | Stockholm Vatten och Avfall – Skyfallsmodell | https://www.stockholmvattenochavfall.se/dagvatten/vagledningar2/rad-och-anvisningar/planera/oversvamningsrisker/skyfallsmodell/ | Stockholms stad – Handlingsplan för klimatanpassning | https://miljobarometern.stockholm.se/miljomal/handlingsplan-for-klimatanpassning/,,,"Finance a majetek, Infrastruktura",Organizační,"Před krizí – prevence, Připravenost systému (IZS)",Zahraniční praxe (převzato ze zdroje),Převzato ze zdroje,approved,"stockholm – skyfallsplan (plan zvladani privalovych destu)|stockholm, svedsko|privalove deste"
55,Helsinky – Hulevesi (celoměstský program hospodaření se srážkovými vodami),Přívalové deště,Město,"Helsinky, Finsko",60.1699,24.9384,Střední (500 tis. - 5 mil. Kč),Kontinuální (>10 let),"Celoměstský program hospodaření se srážkovými vodami (hulevesiohjelma), který Helsinky (cca 675 000 obyvatel) schválily v roce 2018 jako nástupce strategie z roku 2008. Program stanovuje závaznou pětistupňovou prioritu nakládání se srážkovou vodou: 1) zadržení a využití v místě dopadu (vsakování), 2) retence na pozemku povrchovými prvky (dešťové zahrady, průlehy, mokřady), 3) odvedení dešťovou kanalizací do retenčních ploch na veřejných pozemcích, 4) odvedení potrubím přímo do vodních toků a moře, 5) jednotná kanalizace pouze jako poslední možnost. Sleduje šest cílů – od využití dešťové vody pro atraktivitu prostředí přes zvládání odtoku se zohledněním změny klimatu až po snížení množství srážkových vod odváděných do jednotné kanalizace. V detailním územním plánování je uplatňován tzv. zelený faktor (viherkerroin) – bodový nástroj předepisující podíl zeleně a retenčních prvků na parcelách nové výstavby. Realizují se přírodě blízká opatření, např. písková filtrace srážkových vod v parku Maunulanpuisto, biouhlová filtrační plocha v Metsälä a revitalizace městských potoků. Implementaci koordinuje odbor městského prostředí (Kaupunkiympäristö) prostřednictvím mezioborové pracovní skupiny pro srážkové vody.","Jednotná závazná hierarchie platná pro všechny městské odbory i stavebníky snižuje objem srážkových vod v jednotné kanalizaci, a tím četnost přepadů nečištěných vod do moře; povrchové prvky zároveň odtok dočišťují (živiny, těžké kovy, sedimenty). Pětistupňová priorita a zelený faktor se uplatňují průběžně u nových detailních plánů – adaptace probíhá v rámci běžné výstavby bez nutnosti velkých jednorázových investic. Přínos pro město (nižší riziko lokálních podtopení v zahušťované zástavbě), pro vlastníky (program počítá s kritérii slev z poplatku za srážkovou vodu při hospodaření na vlastním pozemku) i pro ekosystémy městských toků. Jako převážně organizační opatření s nízkými přímými náklady je model dobře přenositelný do ČR.","Chladné klima omezuje vsakování – v zimě je půda promrzlá a jarní tání sněhu vytváří odtokové špičky mimo vegetační sezónu; zimní údržba (posyp, odklízení sněhu) zanáší retenční prvky a vyžaduje samostatné plány údržby. Organizační opatření samo o sobě nic nepostaví – účinnost závisí na důsledném vymáhání hierarchie v povolovacích procesech a na koordinaci mnoha aktérů (město, regionální vodárenská společnost HSY, soukromí vlastníci). Program nemá číselné cílové hodnoty, celkový efekt se proto obtížně kvantifikuje. Filtrační a retenční prvky vyžadují pravidelnou údržbu (sedimenty, vegetace), jejíž financování je nutné oddělit od běžné údržby zeleně.","1. Analýza povodí a problémových míst na území celého města 2. Schválení programu se závaznou pětistupňovou prioritou nakládání se srážkovou vodou 3. Zavedení zeleného faktoru do detailního územního plánování 4. Zřízení mezioborové pracovní skupiny pro srážkové vody 5. Pilotní přírodě blízká opatření na veřejných pozemcích (filtrace, retenční parky, revitalizace potoků) 6. Motivace soukromých vlastníků (kritéria slev z poplatku za srážkovou vodu) 7. Monitoring množství a kvality odtoku, evaluace a aktualizace programu",City of Helsinki (Kaupunkiympäristö – odbor městského prostředí),,"City of Helsinki Storm Water Management Program 2018 (EN, PDF) | https://www.hel.fi/static/liitteet/kaupunkiymparisto/julkaisut/julkaisut/julkaisu-03-18-en.pdf | Climate work in Helsinki – Natural stormwater management | https://ilmasto.hel.fi/en/adaptation/adaptation-measures/natural-stormwater-management/ | Climate-ADAPT – The Green Factor Tool (Helsinki) | https://climate-adapt.eea.europa.eu/en/mission/solutions/tools-inactive/033_the-green-factor-tool",,,"Infrastruktura, Životní prostředí",Organizační,Před krizí – prevence,Zahraniční praxe (převzato ze zdroje),Převzato ze zdroje,approved,"helsinky – hulevesi (rizeni srazek)|helsinky, finsko|privalove deste"
56,Paříž – experimentální „chladné“ povrchy (cool pavements),Vlny veder,Čtvrť,"Paříž, Francie",48.8566,2.3522,Střední (500 tis. - 5 mil. Kč),Krátkodobá (<1 rok),"Paříž v rámci evropského projektu LIFE „Cool & Low Noise Asphalt“ (LIFE16 ENV/FR/000384, 7/2017–6/2023, rozpočet 2,26 mil. €, z toho 60 % spolufinancování EU) testovala asfaltové povrchy, které současně snižují letní přehřívání ulic a hluk z dopravy. Na podzim 2018 byly položeny tři pilotní úseky: rue Lecourbe a rue Frémicourt (15. obvod) a rue de Courcelles (8. obvod), vybrané kvůli absenci vegetace, silnému oslunění a vysoké hlukové zátěži. Testovány byly tři směsi se světlým kamenivem – PUMA (Eurovia), BBphon+ a SMAphon (Colas); jejich porézní struktura umožňuje v horkých dnech kropení nepitnou vodou a chlazení odparem. Partnery města byly Bruitparif (akustický monitoring), Eurovia a Colas; teplotní a akustické parametry byly několik let sledovány v reálném provozu a srovnávány s referenčními úseky. Opatření je součástí širší strategie ochlazování města („Rafraîchir Paris“ – síť ochlazovaných míst, pítka, stínění).","Změřené výsledky pilotu: snížení hluku valení o 1,3 dB(A) (BBphon+, metoda CPX) a okolního hluku o 2,8 dB(A) (SMAphon); v kombinaci s kropením snížení tepelného stresu chodců o 1 °C (SMAphon) až 2–3 °C (BBphon+, PUMA). Dvojí přínos (horko + hluk) z jediné rekonstrukce vozovky; mechanická odolnost a životnost směsí srovnatelná s běžnými povrchy, opatření lze proto zavádět postupně při běžné obnově komunikací. Přínos především pro obyvatele hustých, osluněných ulic bez stromů, kde nelze vysadit zeleň.","Bez kropení se porézní povrch BBphon+ mikroklimaticky choval hůře než běžný asfalt – ochlazovací účinek je tedy podmíněn provozem kropení (spotřeba nepitné vody, technika a personál během veder). Ochlazení činí řádově jednotky °C a je lokální; samo o sobě tepelný ostrov města nevyřeší. Světlé povrchy se provozem špiní a ztrácejí odrazivost; při vysoké odrazivosti hrozí oslnění a přenos tepelné zátěže na chodce; speciální směsi jsou dražší než běžný asfalt. Výsledky z pařížského klimatu a provozu je před přenosem do ČR nutné ověřit pilotem (zimní údržba, posyp, mrazové cykly).","1. Výběr pilotních ulic (bez vegetace, osluněné, hlučné) 2. Volba asfaltových směsí se světlým kamenivem a akustickými vlastnostmi 3. Pokládka pilotních úseků v rámci běžné rekonstrukce vozovky 4. Instalace čidel a víceletý monitoring teplot a hluku (CPX, měření na fasádách) 5. Kropení povrchů nepitnou vodou během veder 6. Vyhodnocení proti referenčním úsekům 7. Rozhodnutí o zařazení osvědčených směsí do městských standardů obnovy vozovek","Ville de Paris (s partnery Bruitparif, Eurovia, Colas)",,LIFE Cool & Low Noise Asphalt – oficiální stránka projektu | https://www.life-asphalt.eu/?lang=en | Evropská komise – LIFE16 ENV/FR/000384 (shrnutí a výsledky) | https://webgate.ec.europa.eu/life/publicWebsite/project/LIFE16-ENV-FR-000384/life-cool-low-noise-asphalt | Bruitparif – Le projet LIFE Cool & Low Noise Asphalt (achevé) | https://www.bruitparif.fr/le-projet-life-cool-low-noise-asphalt-acheve/,,,"Zdraví, Životní prostředí, Infrastruktura",Technické,Před krizí – prevence,Zahraniční praxe (převzato ze zdroje),Pilot,approved,"paris – experimentalni „chladne“ povrchy (cool pavements)|pariz, francie|vlny veder"
57,Medellín – Corredores Verdes (zelené koridory),Vlny veder,Město,"Medellín, Kolumbie",6.2442,-75.5812,Vysoké (5-50 mil. Kč),Dlouhodobá (3-10 let),"Síť 30 propojených zelených koridorů (20 km, 70 ha) vzniklá od r. 2016 transformací 18 silnic a 12 vodních toků na stinné zelené prostory s pěšími a cyklo trasami. Vysazeno ~880 000 stromů a 2,5 mil. rostlin; ozeleněny i mosty, stanice metra a fasády veřejných budov (vertikální zahrada radnice ~1 810 m², 100 000 rostlin). Botanická zahrada školí obyvatele ze znevýhodněného prostředí jako městské zahradníky.","Snížení průměrné teploty vzduchu o 3,5 °C (z 31,6 na 28,1 °C) a povrchové teploty o 10,3 °C za 3 roky; pokles PM2.5 z 21,81 na 20,26 µg/m³ (2016–2019); +34,6 % cyklistů na stinných trasách; 1,5 mil. m² nového veřejného prostoru; sekvestrace ~160 t CO₂/rok na jeden koridor; sociální přínos (zaměstnání 100+ vyškolených zahradníků); Ashden Award 2019 (Cooling by Nature).","Dlouhodobé náklady na údržbu rozsáhlé vegetace (zálivka, ořezy); nutnost mezirezortní koordinace (doprava, vodní toky, zeleň); plná účinnost stromů až po letech růstu; přenositelnost kvantifikovaných efektů do mírného pásma omezená (tropické klima).","1. Mapování tepelného ostrova a znečištění	 2. Výběr koridorů (silnice, vodní toky, svahy)	 3. Výběr původních druhů dle stanoviště	 4. Výsadba a vertikální zahrady	 5. Vyškolení komunitních zahradníků	 6. Monitoring teplot a kvality ovzduší univerzitami	 7. Komunitní správa a rozšiřování sítě","Alcaldía de Medellín, Secretaría de Medio Ambiente",,preventionweb.net/news/colombia-green-corridors-help-reduce-heat-risk-medellin | ap-plat.nies.go.jp/inas/goodpractices/development/5.html | C40 Cities case study | Ashden Award 2019,2026-07-22,,"Zdraví, Životní prostředí, Obyvatelé a komunita",Technické,Před krizí – prevence,Zahraniční praxe (převzato ze zdroje),Převzato ze zdroje,approved,"medellin – corredores verdes (zelene koridory)|medellin, kolumbie|vlny veder"
58,Ahmedabad – Heat Action Plan (první HAP v jižní Asii),Vlny veder,Město,"Ahmedabad, Indie",23.0225,72.5714,Nízké (<500 tis. Kč),Krátkodobá (<1 rok),"Po vlně veder 2010 s více než 1 300 nadměrnými úmrtími vytvořila Ahmedabad Municipal Corporation s PHFI, IIPH-Gandhinagar a NRDC první městský heat-health akční plán v jižní Asii (pilot 2013, plná implementace 2014). Pilíře: barevně kódované včasné varování (aktivace při předpovědi Tmax >41 °C), osvětové kampaně, meziagenturní koordinace, školení zdravotníků v rozpoznávání a léčbě tepelných onemocnění, ochrana zranitelných skupin (děti, senioři, venkovní pracovníci). Plán je každoročně aktualizován na základě evaluace sezóny.","Peer-reviewed evaluace (Hess et al. 2018, PLOS Medicine metodika before/after all-cause mortality) odhaduje ~1 190 odvrácených úmrtí ročně; největší pokles mortality při nejvyšších teplotách; model převzat desítkami indických měst (Nagpur, Surat, Bhubaneswar) a státy; nízkonákladové organizační opatření s vysokou návratností.",Účinnost závisí na reakci obyvatel na varování; nutná každoroční aktualizace a mezisektorová koordinace; kvantifikace dopadu vyžaduje kvalitní mortalitní data; přenositelnost prahových teplot vyžaduje lokální kalibraci.,1. Analýza mortality a identifikace zranitelných skupin	 2. Stanovení teplotních prahů pro výstrahy	 3. Barevně kódovaný varovný systém s médii	 4. Školení zdravotníků a komunitních pracovníků	 5. Osvětová kampaň před sezónou	 6. Meziagenturní koordinační protokoly	 7. Po sezóně evaluační workshop a aktualizace plánu,Ahmedabad Municipal Corporation / IIPH-Gandhinagar / NRDC,,Hess et al. (2018). Building Resilience to Climate Change: Pilot Evaluation of the Impact of India's First Heat Action Plan on All-Cause Mortality. PMC6236972 | nrdc.org/sites/default/files/ahmedabad-resilience-toolkit.pdf | exemplars.health/stories/ahmedabad-indias-heat-action-plan,2026-07-22,,"Zdraví, Obyvatelé a komunita",Organizační,"Přímo v krizi – krátkodobá reakce, Připravenost systému (IZS)",Zahraniční praxe (převzato ze zdroje),Převzato ze zdroje,approved,"ahmedabad – heat action plan (prvni hap v jizni asii)|ahmedabad, indie|vlny veder"
59,Amsterdam Rainproof (síťová platforma pro dešťovou odolnost),Přívalové deště,Město,"Amsterdam, Nizozemsko",52.3676,4.9041,Střední (500 tis. - 5 mil. Kč),Kontinuální (>10 let),"Program iniciovaný vodárenskou autoritou Waternet v r. 2013 (po poučení z kodaňské průtrže 2011) s cílem města strukturovaného tak, aby absorbovalo a zachytávalo dešťovou vodu. Strategie 'network approach': platforma s vlastní identitou propojující rezidenty, developery, bytová družstva, výzkum i úřady; toolkit opatření, faktsheety čtvrtí s mapami zranitelných míst a geotagovaný systém hlášení. Filozofie 'každá kapka se počítá' – tisíce malých decentralizovaných intervencí místo velkých investic.","Rozjezd s rozpočtem pouze 1,75 mil. € (2016–2021, z celkových 70–77 mil. € na HDV; financováno převážně ze stočného); mainstreaming dešťové odolnosti do soukromých investic a běžné obnovy města; přenositelný model síťové governance (inspirace pro Water Sensitive Rotterdam, Regenwasseragentur Berlin); veřejně dostupný katalog opatření.","Dopad obtížně měřitelný (indikátory typu vyřešená úzká hrdla, zapojení aktérů); dobrovolnost u soukromých vlastníků; závislost na kontinuitě financování Waternet; efekt podmíněn dlouhodobou kulturní změnou v projektování.","1. Mapování zranitelných míst (bottlenecks) při přívalech	 2. Vytvoření neutrální platformy s vlastní identitou	 3. Zapojení ambasadorů a frontrunnerů	 4. Toolkit a faktsheety pro čtvrti	 5. Napojení na běžné investiční cykly (rekonstrukce ulic, střech)	 6. Komunikační kampaně	 7. Průběžná evaluace a rozšiřování sítě",Waternet / Gemeente Amsterdam,rainproof.nl,rainproof.nl | openresearch.amsterdam/en/page/76060/amsterdam-rainproof-waternet | Tandfonline 10.1080/09640568.2022.2030686 (peer-reviewed srovnění s Water Sensitive Rotterdam),2026-07-22,,"Životní prostředí, Obyvatelé a komunita, Infrastruktura",Organizační,Před krizí – prevence,Zahraniční praxe (převzato ze zdroje),Převzato ze zdroje,approved,"amsterdam rainproof (sitova platforma pro destovou odolnost)|amsterdam, nizozemsko|privalove deste"
60,Basel – zákonná povinnost zelených střech (první město na světě),"Vlny veder, Přívalové deště",Město,"Basilej, Švýcarsko",47.5596,7.5886,Nízké (<500 tis. Kč),Kontinuální (>10 let),Novela stavebního zákona kantonu Basel-Stadt z r. 2002 vyžaduje ozelenění všech nových a rekonstruovaných plochých střech včetně designových směrnic pro maximalizaci biodiverzity (skladba substrátů); požadavek zpřísněn regulací 2010. Regulaci předcházely dotační programy 1996–97 (do 20 CHF/m²) a 2005–07 (30–40 CHF/m²) financované z Fondu úspor energie tvořeného 5% odvodem z účtů za elektřinu v kantonu – kombinace pobídek a následné povinnosti.,"Přes 1 mil. m² zelených střech – nejvyšší podíl na obyvatele na světě; prokázané přínosy: izolace budov (v létě ochlazení, v zimě retence tepla), retence srážek, podpora biodiverzity (ohrožené druhy bezobratlých a ptáků); trvalost díky ukotvení ve stavebním právu; inovativní finanční mechanismus (energetický fond) bez zátěže rozpočtu města.",Aktuální právní téma koexistence 100% zelených střech s fotovoltaikou (řešeno vyvýšenými panely); kontrola kvality provedení a substrátů; náklady přeneseny na stavebníky; přenos vyžaduje legislativní pravomoc na úrovni města/kantonu.,"1. Poll veřejnosti o podpoře energetické daně	 2. Dotační pilotní programy (1996–97, 2005–07)	 3. Výzkumná podpora (ZHAW Wädenswil – substráty, biodiverzita)	 4. Novela stavebního zákona (2002)	 5. Designové směrnice pro biodiverzitu	 6. Zpřísnění regulace (2010)	 7. Kontroly souladu při povolování a kolaudaci",Kanton Basel-Stadt / Stadtgärtnerei Basel,,climate-adapt.eea.europa.eu/en/metadata/case-studies/green-roofs-in-basel-switzerland-combining-mitigation-and-adaptation-measures-1 | interlace-hub.com/green-roof-strategy-basel | pozn.: regulační analogie k záznamu #41 (Toronto Green Roof Bylaw) – Basel je historicky první (2002),2026-07-22,,"Budovy, Životní prostředí",Kombinované,Před krizí – prevence,Zahraniční praxe (převzato ze zdroje),Převzato ze zdroje,approved,"basel – zakonna povinnost zelenych strech (prvni mesto na svete)|basilej, svycarsko|vlny veder, privalove deste"
61,Gdaňsk – ogrody deszczowe a mała retencja (Gdańskie Wody),"Přívalové deště, Sucho",Město,"Gdaňsk, Polsko",54.352,18.6466,Střední (500 tis. - 5 mil. Kč),Kontinuální (>10 let),"Systémový přístup městské společnosti Gdańskie Wody k hospodaření s dešťovou vodou: maximum vody se retenuje v krajině (retenční nádrže, parky a skvéry, dešťové zahrady, travnaté niecky, vsakovací muldy, zelené střechy) a teprve přebytek jde do kanalizace. Dešťové zahrady tvoří z >50 % hydrofytní druhy dočišťující vodu (těžké kovy, N, P); tři typy dle podloží (suché/mokré/smíšené). Město provozuje síť 26 srážkoměrů napříč čtvrtěmi; první demonstrační zahrada s povodím ~2 700 m² v areálu společnosti; obyvatelé a rady čtvrtí mohou hlásit lokální podtopení k prověření.","Snížení lokálních podtopení a odlehčení dešťové kanalizace; dvojí funkce (přívaly + sucho – deštovka jako zdroj); přírodní dočištění odtoku; nízké jednotkové náklady a snadná replikace u domů i institucí; monitoring efektivity publikován peer-reviewed (Science of the Total Environment 2022); nejpřenositelnější analogie pro ČR (klima, urbánní struktura).",Účinnost jednotlivých zahrad závisí na poměru plochy zahrady k povodí a propustnosti půdy; údržba vegetace a sedimentů; zimní režim; koordinace se soukromými vlastníky pozemků.,1. Analýza povodí a srážkoměrná síť	 2. Demonstrační objekt jako dobrá praxe	 3. Typové návrhy zahrad dle podloží	 4. Realizace na městských pozemcích a u institucí	 5. Program podnětů od rad čtvrtí (lokální podtopení)	 6. Osvěta a návody pro obyvatele	 7. Monitoring naplnění a účinnosti,Gdańskie Wody sp. z o.o.,gdmel.pl,"gdmel.pl/mala-retencja | Science of the Total Environment (2022), doi:10.1016/j.scitotenv.2022.155487 – Technical solutions and benefits of introducing rain gardens – Gdańsk case study | themayor.eu/en/a/view/discover-the-rain-gardens-of-gdansk-3272",2026-07-22,,"Životní prostředí, Infrastruktura, Obyvatelé a komunita",Kombinované,Před krizí – prevence,Zahraniční praxe (převzato ze zdroje),Převzato ze zdroje,approved,"gdansk – ogrody deszczowe a mała retencja (gdanskie wody)|gdansk, polsko|privalove deste, sucho"
62,Hamburk – HafenCity „Warftenkonzept“ (výstavba na vyvýšených terasách místo hrází),Povodně,Čtvrť,"Hamburk (HafenCity), Německo",53.5413,9.995,Vysoké (5-50 mil. Kč),Kontinuální (>10 let),"Namísto obehnání 126ha čtvrti hrázemi jsou všechny ulice, mosty a veřejné prostory vyvýšeny na zhutněných pískových terasách (Warften) na kótu 7,5–8,9 m n. m. (nové čtvrti až 8,3 m dle aktualizovaných predikcí); budovy stojí na vodotěsných soklech s protipovodňovými vraty pro provozy v parteru. Zvláštní místní zákon (2002) ukládá vlastníkům zřídit povodňová společenství (Flutschutzgemeinschaften) s povodňovými zmocněnci, dodržet stavební výšky a obsluhovat mobilní uzávěry. Zachováno 10,5 km promenád na historické úrovni přístavu.","Průchodnost dopravy a záchranných složek i během storm surge (vše na chráněné úrovni); prokázaná odolnost – bouře Zeynep 2/2022 s nejvyšší přílivovou vlnou dekády (3,75 m) bez škod; zachování kontaktu s vodou a přístavního charakteru (bez bariéry hráze); etapovatelná výstavba bez nutnosti dokončit obvodovou ochranu předem; náklady z velké části nesou developeři.","Vysoké náklady na navýšení terénu a vodotěsné konstrukce; právní a organizační složitost (povinnosti vlastníků, společenství); nutnost pravidelných cvičení obsluhy vrat; každoroční vícejazyčná osvěta obyvatel (Sturmflut-Merkblätter); model vázán na novou výstavbu (retrofit stávající zástavby obtížný).",1. Rozhodnutí Warften vs. hráze (analýza urbanistických dopadů)	 2. Místní zákon o povodňové ochraně (2002)	 3. Navýšení infrastruktury na chráněnou kótu	 4. Vodotěsné sokly budov a protipovodňová vrata	 5. Zřízení Flutschutzgemeinschaften a jmenování zmocněnců	 6. Roční informační kampaně	 7. Aktualizace kót dle nových klimatických predikcí	 8. Counterfactual analýzy po událostech,HafenCity Hamburg GmbH / Freie und Hansestadt Hamburg,,hafencity.com/en/urban-development/infrastructure | preventionweb.net/resource/case-study/managing-flooding-hamburgs-hafencity | HmbGVBI 2002 (místní zákon),2026-07-22,,"Infrastruktura, Budovy, Obyvatelé a komunita",Kombinované,Před krizí – prevence,Zahraniční praxe (převzato ze zdroje),Převzato ze zdroje,approved,"hamburk – hafencity „warftenkonzept“ (vystavba na vyvysenych terasach miste hrazi)|hamburk (hafencity), nemecko|povodne"
63,Milwaukee – Greenseams® (výkup retenčních pozemků v povodí),"Povodně, Přívalové deště",Region,"Milwaukee, USA",43.0389,-87.9065,Vysoké (5-50 mil. Kč),Kontinuální (>10 let),"Program dobrovolného výkupu nezastavěných soukromých pozemků s vodoabsorpčními (hydrickými) půdami podél toků, břehů a mokřadů v oblastech očekávané suburbanizace (povodí Milwaukee, Menomonee, Oak Creek, Root River). Spuštěn 2001 sewerage districtem MMSD po povodních 1997–98; provozně zajišťuje nezisková The Conservation Fund (realitní transakce, jednání s vlastníky). Pozemky trvale chráněny konzervačními služebnostmi; část restaurována na mokřady, prérie a lesy (113 537 vysazených stromů, >760 akrů obnovené půdy); pozemky přístupné veřejnosti.","Trvalá ochrana 6 105 akrů (cca 2 470 ha) přirozené retence; odhad zadržení ~1,3 mld. galonů (4,9 mil. m³) vody u 103 chráněných nemovitostí; ochrana strukturálních investic MMSD v hodnotě stovek mil. USD; zlepšení kvality vody (filtrace) a biodiverzity; model preventivní pozemkové politiky replikovatelný jinde; win-win s dobrovolnými prodeji.",Závislost na ochotě vlastníků prodat; dlouhodobý horizont akumulace pozemků; náklady akvizic (desítky mil. USD kumulativně); správa a údržba rostoucího portfolia; efekt rozprostřen v povodí (obtížná atribuce ke konkrétní povodni).,"1. Identifikace prioritních pozemků (hydrické půdy, blízkost vody, koridory)	 2. Kontrakt s neziskovým operátorem (The Conservation Fund)	 3. Dobrovolná jednání a výkupy/služebnosti	 4. Restaurace mokřadů a výsadby (partneři USFWS aj.)	 5. Zpřístupnění veřejnosti	 6. Doplňkový program Working Soils® (zemědělské služebnosti)	 7. Monitoring retence a kvality vody",Milwaukee Metropolitan Sewerage District (MMSD) / The Conservation Fund,,mmsd.com/what-we-do/flood-management/greenseams | conservationfund.org/our-impact/projects/greenseams-milwaukee | nicholasinstitute.duke.edu (NBS case study) | nrcsolutions.org/greenseams-milwaukee,2026-07-22,,"Životní prostředí, Finance a majetek",Organizační,Před krizí – prevence,Zahraniční praxe (převzato ze zdroje),Převzato ze zdroje,approved,"milwaukee – greenseams (vykup retencnich pozemku v povodi)|milwaukee, usa|povodne, privalove deste"
64,Suchá nádrž (poldr) Žichlínek – největší v ČR,Povodně,Region,"Žichlínek, Pardubický kraj, Česká republika",49.8664,16.6486,Vysoké (5-50 mil. Kč),Dlouhodobá (3-10 let),"Největší suchá povodňová nádrž na území ČR (výstavba 2006–2008, investor Povodí Moravy) na soutoku Moravské Sázavy a Lukovského potoka: zátopa 166 ha, retenční prostor 5,9 mil. m³, sypaná zemní hráz s jílovým jádrem (koruna 1 574 m, výška 7,6 m), TBD kat. III, přeliv na Q100, kontrolní Q1000. Železniční koridor ČT–Olomouc dělí nádrž na dva prostory propojené inundačním mostem (světlost 23 m). Součástí revitalizace: koryta obou toků přeložena do přirozené meandrující trasy, tůně, obnova lužních porostů na 753 000 m² a travních porostů na 795 000 m².","Transformace stoleté povodně (objem 17 mil. m³) ze 126 m³/s na 59 m³/s při trvání 5 dnů; klíčová ochrana Litovle, Olomouce a obcí na Moravské Sázavě a Moravě (komplement k záznamu #24); kombinace šedé a zelené infrastruktury – navrácená meandrace, biodiverzita (vč. bobřích revitalizací zátopy), rekreační využití (cyklostezka na hrázi); prošla reálnými povodněmi vč. září 2024.","Zábor 166 ha převážně zemědělské půdy; jednorázová vysoká investice; údržba hrází, přelivu a základové výpusti; nutná koordinace se správcem železnice; funkce pouze při povodni (mimo ni suchá).","1. Hydrologická studie a návrh transformace Q100 2. Výkupy pozemků v zátopě 3. Výstavba hrází s jílovým jádrem a funkčních objektů 4. Ohrázování železnice a inundační most 5. Přeložení koryt do meandrující trasy, tůně 6. Obnova lužních a travních porostů 7. TBD dohled a manipulační řád 8. Monitoring průchodu povodní","Povodí Moravy, s.p.",,cs.wikipedia.org/wiki/Poldr_Žichlínek | MZe – Seznam suchých nádrží v ČR | Časopis Stavebnictví 03/07 – Realizace poldru Žichlínek (Ing. Petr Starý) | sindlar.cz/poldr-zichlinek,2026-07-22,,"Infrastruktura, Životní prostředí, Finance a majetek",Kombinované,Před krizí – prevence,Domácí praxe (převzato ze zdroje),Převzato ze zdroje,approved,"sucha nadrz (poldr) zichlinek – nejvetsi v cr|zichlinek, pardubicky kraj, ceska republika|povodne"
65,"Retenční nádrž Jeneweinova, Brno – nejhlubší kruhová RN v ČR",Přívalové deště,Město,"Brno-Komárov, Česká republika",49.1781,16.627,Vysoké (5-50 mil. Kč),Střednědobá (1-3 roky),"Nejhlubší tuzemská kruhová podzemní retenční nádrž na jednotné kanalizaci (výstavba 2011–2013, investor statutární město Brno, 587,2 mil. Kč): objem 8 600 m³ ve dvou soustředných válcích (vnitřní 4 000 + vnější 4 600 m³), průměr pažící stěny 32,8 m, dno ~20 m pod terénem (založení až 30 m). Umístěna na kmenové stoce B (16 km, čtvrtina Brna); hydromechanická separace – první splachy s nečistotami zůstávají v nádrži a přečerpávají se na ČOV Modřice, relativně čistá voda přepadá do Svratky. Plně automatizovaný, dálkově ovládaný provoz.",Ochrana Svratky a Svitavského náhonu před znečištěním z přepadů: z 85 vydatných dešťů ročně kanalizace dříve nestačila ve 31 případech – nyní se nádrž zcela zaplní jen ~7× ročně; odemknutí rozvoje jižní části Brna (podmínka další výstavby); vertikální řešení šetří prostor v zástavbě; referenční projekt pro města s jednotnou kanalizací.,"Vysoká investiční náročnost (587 mil. Kč); složité zakládání v nestabilní geologii (štěrkopísky, jíl, podzemní voda); energetická náročnost čerpání; údržba čerpadel a oplachových systémů; řeší kvalitu odtoku, nikoli objem srážek v povodí (komplement k decentralizovaným SUDS – viz #3).","1. Analýza přepadů na kmenové stoce B 2. Volba vertikálního řešení (nedostatek plochy) 3. Speciální zakládání (pažící stěna Ø 32,8 m do skalního podloží) 4. Výstavba dvojitého válce s technologií 5. Osazení čerpadel a oplachu, odlehčovací komory 6. Automatizace a dálkové řízení 7. Zkušební provoz a manipulační řád 8. Pravidelný servis technologie","Statutární město Brno / Brněnské vodárny a kanalizace, a.s.",,cosedeje.brno.cz/w/retencni-nadrz-je-hotova-zadrzi-vodu-i-necistoty | ct24.ceskatelevize.cz/clanek/regiony/brno-zprovoznilo-obri-retencni-nadrz-za-pul-miliardy-314333 | geotechnika.cz (SG Geotechnika – reference),2026-07-22,,"Infrastruktura, Životní prostředí",Technické,Před krizí – prevence,Domácí praxe (převzato ze zdroje),Převzato ze zdroje,approved,"retencni nadrz jeneweinova, brno – nejhlubsi kruhova rn v cr|brno-komarov, ceska republika|privalove deste"
66,Dyje 2020 / Thaya 2020 – napojení odstavených meandrů (přeshraniční revitalizace),"Sucho, Povodně",Region,"Břeclavsko (hraniční úsek Dyje), Česká republika / Rakousko",48.729,16.904,Vysoké (5-50 mil. Kč),Střednědobá (1-3 roky),"Přeshraniční projekt Interreg V-A AT–CZ (Povodí Moravy + viadonau, stavební práce 2018–2020, náklady 899 387 €): napojení tří odstavených meandrů Dyje mezi Břeclaví a soutokem s Moravou (D18 a D8 na rakouské, D9 na české straně) prodloužilo tok o ~900–1 100 m a vrátilo řece třetinu délky ztracené napřímením v 70.–80. letech. Inovativní řešení státní hranice: obě větve (meandry i průpich) zachovány, dělení průtoků nastaveno tak, aby při průměrném průtoku tekla stávajícím korytem větší část vody (podmínka definující hranici), zatímco nižší i vyšší průtoky vede přednostně meandr. Navazující etapy směřují ke komplexní revitalizaci 22 km úseku.","Zpomalení odtoku a zvýšení dotace lužních lesů největšího lužního komplexu střední Evropy (dual benefit sucho + povodně); obnova morfologické rozmanitosti (brody, tůně, štěrkové náplavy) a biotopů; cena AOPK ČR a dvojité vítězství v Adapterra Awards 2020 (odborná porota i veřejnost); mezinárodně sledovaný referenční projekt; česká analogie principu Room for the River (viz #26).",Nutnost mezistátní koordinace (hranice vede středem řeky); riziko zazemnění ramen při nevhodném způsobu napojení (zkušenost z dřívějšího pokusu u D18); omezení plavby během výstavby; dlouhodobý monitoring vývoje koryta.,"1. Studie potenciálu odstavených ramen 2. Výběr ramen vhodných k napojení 3. Návrh dělení průtoků respektující státní hranici 4. Přeshraniční plánování (od 2016) a povolení 5. Stavební napojení ramen (2018–2020) 6. Kolaudace (3/2020) a monitoring morfologie 7. Navazující etapy (dalších 7 ramen, CHKO Soutok)","Povodí Moravy, s.p. / viadonau (Interreg V-A AT-CZ)",,pmo.cz/cz/media/tiskove-zpravy/projekt-dyje-2020-thaya-2020-vraci-dyji-dva-meandry/ | ec.europa.eu/regional_policy (project story) | casopis.ochranaprirody.cz – Obnova průtočných ramen na Dyji | Adapterra Awards 2020,2026-07-22,,Životní prostředí,Technické,Před krizí – prevence,Domácí praxe (převzato ze zdroje),Převzato ze zdroje,approved,"dyje 2020 / thaya 2020 – napojeni odstavenych meandru (preshranicni revitalizace)|breclavsko (hranicni usek dyje), ceska republika / rakousko|sucho, povodne"
67,"ČSOB Kampus Radlice, Praha – adaptovaná administrativní budova","Vlny veder, Přívalové deště",Budova,"Praha 5 – Radlice, Česká republika",50.0465,14.393,Vysoké (5-50 mil. Kč),Dlouhodobá (3-10 let),"Firemní kampus ČSOB v pražských Radlicích – vítěz kategorie pracovní prostředí firem v soutěži Adapterra Awards (Nadace Partnerství): vytápění a chlazení budov rozsáhlou soustavou tepelných čerpadel (energetické piloty), velkorysé extenzivní i intenzivní zelené střechy začleňující budovy do svahu radlického údolí a chytré hospodaření s dešťovou vodou (retence, závlaha zeleně). Jeden z největších komplexů zelených střech na administrativní budově v ČR.",Snížení tepelné zátěže budov a okolí; nezávislost chlazení na špičkách sítě (tepelná čerpadla); retence srážek na pozemku; kvalita pracovního prostředí; příklad soukromé investice do adaptace hodnocený odbornou porotou – jediný firemní CZ záznam v databázi (relevance pro risk managery a pojistitele).,Vysoké investiční náklady nese soukromý investor; údržba rozsáhlých vegetačních souvrství; parametry dostupné převážně z materiálů investora (nezávislá evaluace omezená); přenositelnost vázána na novostavby obdobného rozsahu.,"1. Zadání s adaptačními cíli v architektonické soutěži 2. Návrh energetického konceptu (tepelná čerpadla, piloty) 3. Statické řešení pro intenzivní zelené střechy 4. Systém retence a využití dešťové vody 5. Realizace a osazení vegetace 6. Provozní monitoring energií a vody 7. Údržbový plán zeleně",ČSOB / Nadace Partnerství (Adapterra Awards),,adapterraawards.cz (databáze projektů) | businessinfo.cz/clanky/adapterra-awards-cenu-ziskaly-nejlepsi-projekty-celici-zmene-klimatu/ | doporučeno doplnit parametry z detailu projektu v databázi Adapterra,2026-07-22,,"Budovy, Finance a majetek, Zdraví",Technické,Před krizí – prevence,Domácí praxe (převzato ze zdroje),Převzato ze zdroje,approved,"csob kampus radlice, praha – adaptovana administrativni budova|praha 5 – radlice, ceska republika|vlny veder, privalove deste"
68,Revitalizace mokřadů v Krkonošském národním parku,"Sucho, Přívalové deště",Region,"Krkonoše (KRNAP), Česká republika",50.736,15.7395,Vysoké (5-50 mil. Kč),Dlouhodobá (3-10 let),"Správa Krkonošského národního parku dlouhodobě revitalizuje horské mokřady a rašeliniště odvodněné v minulosti sítí příkopů. Na odvodňovacích příkopech bylo instalováno celkem cca 3 500 dřevěných přehrážek a přepážek různých velikostí, které zpomalují až zcela zastavují odtok vody z mokřadů. Financování z OP Životní prostředí (1. etapa 43 mil. Kč, 2. etapa 18 mil. Kč), realizaci předcházela dvouletá přípravná fáze. Voda se vrací do rašelinišť, obnovuje se mokřadní vegetace (rašeliníky, ostřice, suchopýr) a plochy znovu využívají obojživelníci; symbolem úspěchu je návrat tetřívka obecného. Projekt zvítězil v kategorii Krajina soutěže Adapterra Awards 2024.","Zadržení vody v pramenných oblastech Labe a Úpy – zpomalení odtoku při jarním tání a přívalových srážkách a dotace podzemních vod v suchých obdobích; obnova biotopů chráněných druhů (tetřívek obecný, obojživelníci); posílení uhlíkové funkce rašelinišť; princip dřevěných přehrážek na příkopech je levný a přenositelný i do hospodářských lesů mimo chráněná území; ocenění Adapterra Awards 2024 zvyšuje osvětový dopad.","Práce v národním parku vyžadují šetrné technologie a velký podíl ruční práce (vyšší jednotkové náklady, krátká sezóna); hydrologický a vegetační efekt se dostavuje postupně v horizontu let; nutný dlouhodobý monitoring hladin a vegetace; dočasné narušení okolí příkopů při instalaci; přenos do hospodářské krajiny naráží na vlastnické vztahy a jiné priority hospodaření.","1. Mapování odvodněných mokřadů a prioritizace lokalit 2. Dvouletá přípravná fáze (povolení, projektová dokumentace) 3. Instalace dřevěných přehrážek a přepážek na příkopech (cca 3 500 ks) 4. Podpora obnovy vegetačního krytu 5. Monitoring hladin podzemní vody, vegetace a fauny 6. Vyhodnocení a příprava dalších etap",Správa Krkonošského národního parku,,KRNAP – TZ: Projekt Revitalizace mokřadů bojuje o Adapterra Awards | https://www.krnap.cz/aktuality/tz-projekt-revitalizace-mokradu-bojuje-o-adapterra-awards/ | MŽP – Krkonošské mokřady mají hlavní cenu v Adapterra Awards | https://mzp.gov.cz/cz/pro-media-a-verejnost/aktuality/archiv-tiskovych-zprav/krkonosske-mokrady-maji-hlavni-cenu-v | Ekolist – Obnovená rašeliniště v Krkonoších | https://ekolist.cz/cz/publicistika/priroda/obnovena-raseliniste-v-krkonosich-ocenil-sam-tetrivek.stala-se-i-vitezem-adapterra-awards,2026-07-22,,"Životní prostředí, Infrastruktura",Kombinované,Před krizí – prevence,Domácí praxe (převzato ze zdroje),Převzato ze zdroje,approved,"revitalizace mokradu v krkonosskem narodnim parku|krkonose (krnap), ceska republika|sucho, privalove deste"
69,Španělsko – povinné omezení provozu venkovních zahrádek při vlnách veder (dodatek ALEH),"Vlny veder, Vícenásobné extrémy",Region,Španělsko (celostátní),40.4637,-3.7492,Nízké (<500 tis. Kč),Krátkodobá (<1 rok),"Dodatek k celostátní kolektivní smlouvě pro pohostinství (ALEH) podepsaný 13. 4. 2026 odbory (FeSMC-UGT, CCOO Servicios) a zaměstnavateli (Hostelería de España, CEHAT) zavádí klima jako faktor organizace práce. Při oranžové/červené výstraze AEMET před extrémním horkem musí podnik provést posouzení rizik; nemá-li dostatečné stínění či chlazení, pozastaví venkovní obsluhu v nejrizikovějších hodinách (vnitřní provoz pokračuje). Rámec pokrývá i přívalové deště a sníh; navazuje na přistoupení Španělska k úmluvě ILO o právu na bezpečné pracovní prostředí.",Ochrana zdraví zaměstnanců v gastronomii (dle systému MoMo ve Španělsku 2015–2025 ~27 500 úmrtí spojených s horkem); právně vymahatelný mechanismus navázaný na oficiální meteorologické výstrahy; nulové investiční náklady pro veřejný sektor; first-mover model kolektivní smlouvy jako adaptačního nástroje v EU.,Ekonomický dopad na podniky (terasy jsou nejziskovější částí letního provozu); závislost na přesnosti výstrah AEMET; náročnost kontroly inspekcí práce; možná nespokojenost turistů; účinnost závisí na kvalitě posouzení rizik podnikem (pokuty >50 000 €).,"1. Kolektivní vyjednávání odborů a zaměstnavatelů	 2. Ukotvení klimatických rizik v ALEH	 3. Navázání povinností na výstrahy AEMET (oranžová/červená)	 4. Posouzení rizik podnikem při výstraze	 5. Preventivní opatření (stínění, chlazení, úprava pracovní doby, přestávky, pitný režim)	 6. Pozastavení venkovní obsluhy při nedostatečné ochraně	 7. Kontroly inspekce práce","FeSMC-UGT, CCOO Servicios, Hostelería de España, CEHAT (ALEH)",,euronews.com/travel/2026/04/28/why-tourists-in-spain-this-summer-may-find-outdoor-terraces-closed-under-new-heatwave-rule | majorcadailybulletin.com 27.4.2026 | thelocal.es/20260623/what-are-my-rights-while-working-in-extreme-heat-in-spain | po zveřejnění nahradit oficiálním textem v BOE,2026-07-22,,"Finance a majetek, Zdraví, Obyvatelé a komunita",Organizační,Přímo v krizi – krátkodobá reakce,Zahraniční praxe (převzato ze zdroje),Převzato ze zdroje,approved,"spanelsko – povinne omezeni provozu venkovnich zahradek pri vlnach veder (dodatek aleh)|spanelsko (celostatni)|vlny veder, vicenasobne extremy"
70,Cool Neighbourhoods – akční plány tepelného stresu čtvrtí (NHSAP) a e-learning pro obce,Vlny veder,Čtvrť,"Middelburg, Nizozemsko (pilotní síť NL/BE/FR/LU)",51.4988,3.6136,Vysoké (5-50 mil. Kč),Střednědobá (1-3 roky),"Projekt Interreg North-West Europe (9,3 mil. €, z toho ERDF 5,6 mil. € při 60% spolufinancování; 12 partnerů, vedoucí partner město Middelburg) vyvíjí a pilotuje Neighbourhood Heat-Stress Action Plans (NHSAP) – strukturovaný rámec adaptace na tepelný stres na úrovni čtvrti – v 9 pilotních lokalitách (NL, BE, FR, LU) s ozeleněním přes 30 000 m² veřejného prostoru. Součástí je e-learningový a capacity-building program (provincie Antverpy) ve 4 modulech: pochopení tepelného stresu → identifikace hotspotů a priorit → zapojení stakeholderů a občanů → implementace s cost-benefit hodnocením, financováním a monitoringem. Navazuje na Interreg 2Seas Cool Towns (mapy tepelného stresu, katalog intervencí).","Přenositelná metodika plánování od diagnózy po monitoring; data z citizen science a cost-benefit analýzy pro prioritizaci; budování kompetencí obcí (Liveability Index, NHSAP šablony); participativní vlastnictví opatření obyvateli; volně dostupné výukové materiály i pro obce mimo konsorcium.",Závislost na projektovém financování (udržitelnost po konci projektu); přenositelnost metodiky vyžaduje lokální kalibraci dat; kapacitní nároky na menší obce; účinnost pilotních opatření zatím ve fázi vyhodnocování (midterm 3/2026).,"1. Mapování tepelného stresu a zranitelných skupin	 2. Výběr pilotní čtvrti a analýza dat (citizen science, senzory)	 3. Participativní tvorba NHSAP se stakeholdery	 4. Výběr intervencí dle cost-benefit analýzy	 5. Realizace opatření (zeleň, stín, voda)	 6. Proškolení pracovníků obce e-learningem	 7. Monitoring dopadů a aktualizace plánu",Gemeente Middelburg / Provincie Antwerpen / konsorcium Interreg NWE Cool Neighbourhoods,t.maenhout@middelburg.nl,coolneighbourhoods.nweurope.eu | keep.eu/projects/29261 | nweurope.eu/blog/our-projects-2021-2027-90/from-grey-to-green-european-cities-team-up-to-fight-heat-stress-1791 | hz.nl/en/applied-research/projects/cool-neighbourhoods,2026-07-22,,"Životní prostředí, Zdraví, Obyvatelé a komunita",Kombinované,Před krizí – prevence,Zahraniční praxe (převzato ze zdroje),Převzato ze zdroje,approved,"cool neighbourhoods – akcni plany tepelneho stresu ctvrti (nhsap) a e-learning pro obce|middelburg, nizozemsko (pilotni sit nl/be/fr/lu)|vlny veder"
71,Nizozemsko – Delta Programme / Delta Act (národní governance vodní bezpečnosti),"Sucho, Povodně, Vícenásobné extrémy",Region,Nizozemsko (celostátní),52.1326,5.2913,Vysoké (5-50 mil. Kč),Kontinuální (>10 let),"Národní governance rámec ukotvený Delta Act (2012) po doporučeních druhé Deltakomise (2008): každoročně aktualizovaný Delta Programme, nezávislý Delta komisař (předkládá plán parlamentu každé září) a Delta Fund jako samostatná rozpočtová kapitola s průměrem 1,5 mld. €/rok (2024–2037). Rizikově založené normy ochrany: do 2050 nesmí pravděpodobnost úmrtí při povodni za primárními hrázemi překročit 1:100 000/rok (základní úroveň ochrany), vyšší pro oblasti s velkými dopady. Tři podprogramy: ochrana před povodněmi (HWBP – 21 vodních rad + Rijkswaterstaat), sladká voda, prostorová adaptace; cíl 'climate-proof and water robust by 2050'; přezkum cílů každých 6 let, adaptivní plánování (flexibilita, žádný lock-in).","Stabilita financování nezávislá na volebních cyklech (fond + komisař ze zákona); přechod od návrhových hladin k rizikovým normám (pravděpodobnost úmrtí); víceúrovňová koordinace státu, provincií, vodních rad a obcí; každoroční veřejná odpovědnost parlamentu; celosvětově referenční model adaptivní vodní governance.","Vysoká fiskální zátěž (komisař uvádí potřebu 30,8 mld. €; riziko rozpočtového napětí); komplexita víceúrovňového řízení; dlouhé horizonty implementace (dokončení norem 2050); přenositelnost vyžaduje srovnatelnou institucionální kapacitu.","1. Nezávislá komise po katalyzující události (1953, 2007)	 2. Zákonné ukotvení (Delta Act): program, fond, komisař	 3. Rizikově založené normy ochrany v legislativě	 4. Roční aktualizace programu a předložení parlamentu	 5. Šestileté přezkumy cílů	 6. Realizace přes HWBP (50/50 stát a vodní rady)	 7. Adaptivní řízení dle nových scénářů",Ministerie van Infrastructuur en Waterstaat / Deltacommissaris,,english.deltaprogramma.nl | government.nl/topics/delta-programme | climate-laws.org/document/delta-act | dutchclimaterisk.nl (normy a rozpočet),2026-07-22,,"Finance a majetek, Infrastruktura, Obyvatelé a komunita",Organizační,"Před krizí – prevence, Připravenost systému (IZS)",Zahraniční praxe (převzato ze zdroje),Převzato ze zdroje,approved,"nizozemsko – delta programme / delta act (narodni governance vodni bezpecnosti)|nizozemsko (celostatni)|povodne, sucho, vicenasobne extremy"
72,Velká Británie – Flood Re (zajistný pool pro dostupné povodňové pojištění),Povodně,Region,Spojené království (celostátní),54.0,-2.0,Vysoké (5-50 mil. Kč),Kontinuální (>10 let),"První schéma svého druhu na světě (v provozu od dubna 2016): neziskový zajistný pool vlastněný a řízený pojistným trhem, zřízený zákonem, veřejně odpovědný parlamentu. Pojistitelé mohou postoupit (cede) povodňovou složku pojistek domácností s vysokým rizikem (obecně >1,3 % roční pravděpodobnosti, ~1,3 % = 1:75) za fixní cenu dle pásma council tax; financováno odvodem všech pojistitelů domácností (aktuálně 160 mil. £/rok) + postoupeným pojistným. Klient nadále jedná jen se svým pojistitelem. Schéma je přechodné do r. 2039 (transition k rizikovému oceňování); nekryje budovy postavené po r. 2009 (proti motivaci stavět v záplavových zónách) ani komerční nemovitosti. Od 1. přezkumu doplněn 'Build Back Better' (do 10 000 £ na odolnostní úpravy nad rámec uvedení do původního stavu, nabízí >70 % trhu) a v r. 2025 první britský povodňový katastrofický dluhopis (Vision 2039, 140 mil. £).",Zachování dostupnosti a cenové přijatelnosti pojištění pro ~2 % nejrizikovějších domácností (odhad ~250 000 domů); prevence tržního selhání bez zátěže daňového poplatníka; vestavěné protipobídky pro novou výstavbu v riziku (cut-off 2009); mechanismus Build Back Better financuje adaptaci při likvidaci škod; pilot Flood Performance Certificates (obdoba energetických štítků pro povodňovou odolnost).,"Přechodnost (2039) vyžaduje důvěryhodnou exit strategii; křížová dotace od nízkorizikových pojistníků (odvod); výluky (byty v domech 4+ jednotek, komerční nemovitosti, novostavby) ponechávají mezery; riziko morálního hazardu bez důsledného propojení s prevencí.","1. Dohoda vlády a pojistného trhu (nahrazení Statement of Principles)	 2. Zákonné zřízení poolu a odvodu	 3. Cenění dle council tax pásem, pravidla způsobilosti	 4. Provoz cese pojistek a refundace škod	 5. Vlastní zajistný program poolu	 6. Pětileté přezkumy (QQR) a úpravy	 7. Build Back Better a transition nástroje (cat bond, certifikáty)",Flood Re Ltd / DEFRA / Association of British Insurers,floodre.co.uk,floodre.co.uk/how-flood-re-works | commonslibrary.parliament.uk/research-briefings/cbp-8751 | abi.org.uk (Flood Re explained) | consorsegurosdigital.com (case study),2026-07-22,,"Budovy, Finance a majetek",Organizační,"Po krizi – obnova, Před krizí – prevence",Zahraniční praxe (převzato ze zdroje),Převzato ze zdroje,approved,velka britanie – flood re (zajistny pool pro dostupne povodnove pojisteni)|spojene kralovstvi (celostatni)|povodne
73,"Portugalsko – Aldeia Segura, Pessoas Seguras (ochrana sídel ve WUI před požáry)",Lesní požáry,Region,Portugalsko (celostátní),39.5,-8.0,Střední (500 tis. - 5 mil. Kč),Kontinuální (>10 let),"Národní programy ochrany sídel a obyvatel před přírodními požáry spuštěné po katastrofě v Pedrógão Grande (6/2017, >100 obětí) na základě protokolu ANEPC + ANMP (svaz obcí) + ANAFRE (svaz farností). 'Aldeia Segura': strukturální ochrana zástavby na rozhraní urbánního a lesního prostředí (WUI) – ochranné zóny kolem sídel a strategické infrastruktury, identifikace kritických bodů, kolektivní místa úkrytu/refugia a evakuační trasy. 'Pessoas Seguras': osvěta k rizikovému chování, sebeochrana, evakuační cvičení s místními samosprávami; jmenovaní místní bezpečnostní důstojníci (oficiais de segurança) odpovědní za varování a shromáždění obyvatel. Informační materiály v 7 jazycích i pro turisty.","K r. 2026 pokrývá 2 410 lokalit; 2 034 styčných/bezpečnostních důstojníků, 1 966 refugií, 704 evakuačních cvičení a 1 059 osvětových akcí; kombinace strukturálních zón a lidského prvku (poslední míle varování); rozhodnutí evakuace vs. konfinace ponecháno veliteli zásahu dle situace; přímo přenositelný model pro CZ WUI kontext (DISWATCH/WEDS).",Účinnost závisí na údržbě ochranných zón (palivový management) obcemi a vlastníky; dobrovolnost zapojení sídel; udržení motivace důstojníků a četnosti cvičení; kritická je koordinace s velením zásahu při rozhodování evakuace/konfinace.,1. Protokol ANEPC–ANMP–ANAFRE	 2. Výběr rizikových farností (1 091 v 189 obcích)	 3. Vymezení ochranných zón sídel a kritických bodů	 4. Určení kolektivních refugií a evakuačních tras	 5. Jmenování a výcvik místních bezpečnostních důstojníků	 6. Osvětové akce a vícejazyčné materiály	 7. Pravidelná evakuační cvičení (simulacros)	 8. Vyhodnocení po sezóně,ANEPC (Autoridade Nacional de Emergência e Proteção Civil) / ANMP / ANAFRE,aldeiasseguras.pt,prociv.gov.pt/en/prevention-and-preparedness/programmes-and-projects/safe-village-and-safe-people | aldeiasseguras.pt | sgifr.gov.pt/en/safe-village-safe-people-program | civil-protection-knowledge-network.europa.eu (UCPKN story) | agroportal.pt (statistiky 2026),2026-07-22,,"Budovy, Zdraví, Obyvatelé a komunita",Kombinované,"Přímo v krizi – krátkodobá reakce, Před krizí – prevence",Zahraniční praxe (převzato ze zdroje),Převzato ze zdroje,approved,"portugalsko – aldeia segura, pessoas seguras (ochrana sidel ve wui pred pozary)|portugalsko (celostatni)|lesni pozary"
74,Francie – Plan National Canicule (národní meziresortní plán vln veder),Vlny veder,Region,Francie (celostátní),46.6034,1.8883,Střední (500 tis. - 5 mil. Kč),Kontinuální (>10 let),"Národní meziresortní systém řízení vln veder vytvořený v r. 2004 po katastrofě 2003 (~14 800 nadměrných úmrtí za 1.–20. 8.): aktivní každoročně červen–září, vede Ministerstvo zdravotnictví; Météo-France zajišťuje čtyřstupňovou vigilanci (zelená–červená) s departementálními biometeorologickými prahy, Santé publique France zdravotní surveillance (SurSaUD/MoMo) a kampaně. Definované role od premiéra po starosty: prefekti aktivují ORSEC, obce vedou registry zranitelných osob (kontaktování v horku), plány komunální ochrany, chlazené místnosti v zařízeních pro seniory (povinné od 2004), národní infolinka Canicule Info Service.","Peer-reviewed evaluace: při vlně 2006 ~2 065 nadměrných úmrtí oproti 6 452 predikovaným modelem z období před 2003 (redukce >2/3; Fouillet et al., Int J Epidemiol 2008); od 2004 nebyla pozorována extrémní nadúmrtnost typu 2003; PNAS/PNAS-typ studie ukazují ~77 % nižší predikovanou mortalitu při opakování události 2003 díky moderaci vztahu horko–úmrtnost; 75 % populace se cítí dobře informováno (UNDRR review); vzor pro národní HAP v Evropě.","Nelze plně oddělit efekt plánu od autonomní adaptace (klimatizace, chování); vlny 2022+ stále působí významnou nadúmrtnost (změna klimatu posouvá extrémy); registry zranitelných závislé na dobrovolné registraci; koordinační zátěž obcí; nutná průběžná aktualizace prahů.","1. Post-katastrofická analýza (2003) a politický mandát	 2. Definice rolí všech úrovní (stát–prefekt–starosta)	 3. Biometeorologické prahy a 4stupňová vigilance Météo-France	 4. Zdravotní surveillance v reálném čase (SpF)	 5. Obecní registry zranitelných a kontaktní protokoly	 6. Povinné chlazené prostory v pobytových zařízeních	 7. Každoroční aktivace 1.6.–15.9., kampaně a infolinka	 8. Po sezóně evaluace a aktualizace",Ministère de la Santé / Météo-France / Santé publique France,,"undrr.org/resource/case-study/country-heat-policy-review-france | Fouillet et al. (2008) Int J Epidemiol 37(2):309, doi:10.1093/ije/dym253 | PMC3289125 (evaluace 2006) | PMC12745773 (adaptace vs. klima)",2026-07-22,,"Zdraví, Obyvatelé a komunita",Organizační,"Přímo v krizi – krátkodobá reakce, Připravenost systému (IZS)",Zahraniční praxe (převzato ze zdroje),Převzato ze zdroje,approved,francie – plan national canicule (narodni meziresortni plan vln veder)|francie (celostatni)|vlny veder
75,Německo – zavedení Cell Broadcast (DE-Alert) po povodni v údolí Ahry 2021,"Povodně, Vícenásobné extrémy",Region,Německo (celostátní),51.1657,10.4515,Vysoké (5-50 mil. Kč),Střednědobá (1-3 roky),"Systémová náprava selhání 'poslední míle' varování při bleskové povodni 7/2021 (Ahr/Erft, 190 obětí v DE, v Altenahru ~7–8 m oproti 3,71 m při povodni 2016): do 2021 vyžadovaly varovné aplikace (NINA, KATWARN) aktivní registraci a část okresů nebyla uživateli MoWaS; vyšetřování vedla k zavedení celoplošného Cell Broadcast (únor 2023) – push varování na všechny mobilní telefony v zasažené buňce sítě bez registrace a bez sběru osobních dat, integrovaného do federálního MoWaS vedle sirén, aplikací a médií; testováno celostátními Warntag dny.","Odstranění závislosti na instalaci aplikací (pokrytí prakticky všech telefonů v oblasti); okamžité doručení geograficky cílených výstrah; ochrana soukromí (broadcast, nikoli adresné SMS); poučení dokumentováno peer-reviewed literaturou (Thieken et al. 2023, NHESS) – vzor 'lessons learned' governance po katastrofě; komplementarita se sirénami (probuzení) a médii.","Cell Broadcast řeší doručení, nikoli obsah – doporučené ochranné akce musí odpovídat reálné situaci (v 2021 byly u výstrah nepřiléhavé); vyžaduje aktuální telefony a nastavení; nutná jasná pravidla kdo a kdy spouští (v 2021 selhala i rozhodovací vrstva okresů); riziko otupení při nadužívání.",1. Nezávislé vyšetření selhání varování (2021)	 2. Legislativní a technická příprava Cell Broadcast	 3. Integrace do MoWaS vedle stávajících kanálů	 4. Dohody s operátory a testování	 5. Spuštění (2/2023) a celostátní Warntag testy	 6. Revize doporučených ochranných akcí dle scénářů	 7. Průběžné vyhodnocování dosahu a reakce veřejnosti,BBK (Bundesamt für Bevölkerungsschutz und Katastrophenhilfe),,"Thieken et al. (2023) NHESS 23:973–990, doi:10.5194/nhess-23-973-2023 | Heidenreich et al. (2025) J Flood Risk Management, doi:10.1111/jfr3.70021 | BBK (2023) – zavedení Cell Broadcast",2026-07-22,,"Zdraví, Obyvatelé a komunita",Technické,"Přímo v krizi – krátkodobá reakce, Připravenost systému (IZS)",Zahraniční praxe (převzato ze zdroje),Převzato ze zdroje,approved,"nemecko – zavedeni cell broadcast (de-alert) po povodni v udoli ahry 2021|nemecko (celostatni)|povodne, vicenasobne extremy"
76,Sevilla – proMETEO: kategorizace a pojmenovávání vln veder dle zdravotních dopadů,Vlny veder,Město,"Sevilla, Španělsko",37.3891,-5.9845,Nízké (<500 tis. Kč),Krátkodobá (<1 rok),"První systém na světě, který vlny veder kategorizuje a pojmenovává jako hurikány (pilot od 6/2022; město Sevilla + Arsht-Rock Resilience Center + Universidad de Sevilla, metodicky navazuje na Philadelphia Hot Weather–Health Watch/Warning System 1995): třístupňová kategorizace (Cat 1–3) postavená na predikci nadměrné úmrtnosti z lokálních meteorologických a mortalitních dat (teplota, vlhkost, noční minima, podmínky předchozích 30 dnů), nikoli jen na meteorologii; každá kategorie spouští definované akce (otevření bazénů, nasazení komunitních zdravotníků k zranitelným). Jen nejnebezpečnější vlny (Cat 3) dostávají jméno v sestupném pořadí abecedy – 24. 7. 2022 se 'Zoe' (Cat 3, 22.–27. 7., přes 42–43 °C) stala první oficiálně pojmenovanou vlnou veder na světě.","Zdravotně založené prahy (predikce excess mortality) místo čistě meteorologických; jméno jako komunikační nástroj rizika – evaluace (Scientific Reports 2024): respondenti, kteří si jméno Zoe vybavili, vykazovali vyšší vnímání rizika a ochranné chování; 140 příspěvků/37 500 impresí/dosah ~6 mil. lidí; metodika převzata Aténami (kategorizace) a zvažována v Melbourne, Miami, LA.","Evaluace ukazuje jen 6% spontánní vybavení jména – efekt komunikace zatím omezený; meteorologické služby (AEMET, WMO) k pojmenovávání veder rezervované (riziko nekonzistence s oficiálními výstrahami); kalibrace vyžaduje dlouhé lokální řady mortalitních dat; udržitelnost po skončení pilotního financování.","1. Lokální model horko–úmrtnost z historických dat	 2. Třístupňová kategorizace s akčními protokoly	 3. Dohoda o pojmenovávací konvenci (focus groups)	 4. Napojení na městské krizové plány	 5. Komunikační kampaň a média	 6. Aktivace dle predikce (Cat 2–3 → jméno)	 7. Post-sezónní evaluace (surveys, social listening) a rekalibrace",Ayuntamiento de Sevilla / Adrienne Arsht-Rockefeller Foundation Resilience Center / Universidad de Sevilla,,onebillionresilient.org/seville-heat-wave-naming-and-categorization-pilot-project | Nature Scientific Reports (2024) doi:10.1038/s41598-024-59430-8 | preventionweb.net/news/zoe-becomes-worlds-first-named-heat-wave,2026-07-22,,"Zdraví, Obyvatelé a komunita",Organizační,Přímo v krizi – krátkodobá reakce,Zahraniční praxe (převzato ze zdroje),Převzato ze zdroje,approved,"sevilla – prometeo: kategorizace a pojmenovavani vln veder dle zdravotnich dopadu|sevilla, spanelsko|vlny veder"
77,"Francie – zpevnění elektrické sítě po tempête Lothar/Martin (sécurisation mécanique, enfouissement)",Silný vítr,Region,Francie (celostátní),46.6034,1.8883,Vysoké (5-50 mil. Kč),Kontinuální (>10 let),"Systémová odezva na tempêtes Lothar a Martin (26.–27. 12. 1999: 92 obětí, ~1 000 zničených/poškozených stožárů, 8 000 km linek mimo provoz, 3,5 mil. domácností bez elektřiny): RTE (přenos) spustil plán mechanického zabezpečení sítě – nové návrhové hodnoty větru odvozené z rychlostí 1999, zesílení základů stožárů; za 2001–2016/17 investováno 2,8 mld. €, zabezpečeno 48 000 km linek, 7 900 křížení a 57 000 MW. Enedis (distribuce) souběžně masivně ukládá vedení do země: 100 % nových NN linek a 98,4 % nových VN linek (2021) podzemně; z ~1,4 mil. km NN/VN sítě je již polovina uložena (vs. 29 % v r. 2000). Doplněno lepšími předpověďmi Météo-France (revize po 1999), krizovými týmy FIRE a dálkovým obnovením dodávek.","Prokázaná odolnost: tempête Amélie 2019 (rafály 160 km/h) bez jediného výpadku na přenosové síti RTE; Enedis odhaduje ~15 000 předejitých incidentů ročně díky ukládání; čtyři pilíře (předpovědi, enfouissement, krizové týmy, dálkové obnovení) jako replikovatelný rámec resilience kritické infrastruktury vůči větru; první dedikovaný záznam typu 'silný vítr' v databázi.","Ukládání VVN extrémně nákladné a prostorově náročné (jen 7 055 km ze 100 000 km VVN podzemně, 2022); zbývá >350 000 km nadzemních NN/VN linek – bouře Ciarán 2023 stále 1,2 mil. odběratelů bez proudu; vícedekádový horizont; nové hrozby (vegetace, mokrý sníh) vyžadují průběžný management.","1. Post-událostní analýza a nové návrhové hodnoty větru	 2. Vícetletý plán mechanického zabezpečení přenosové sítě (2001–2017)	 3. Politika podzemního ukládání nových NN/VN linek	 4. Prioritizace úseků dle expozice (pobřeží, koridory bouří)	 5. Posílení předpovědí a výstrah (Météo-France vigilance)	 6. Stálé krizové týmy (FIRE) a zásoby materiálu	 7. Dálkové ovládání pro rychlé obnovení	 8. Vyhodnocení po každé bouři",RTE / Enedis / Météo-France,,"rte-france.com/l-heritage-de-la-tempete (2,8 mld. €, 48 000 km) | rte-france.com/actualites/20-ans-apres-la-tempete-1999 | questions.assemblee-nationale.fr/q16/16-13038QE.htm (statistiky enfouissement)",2026-07-22,,"Finance a majetek, Infrastruktura",Technické,"Po krizi – obnova, Před krizí – prevence",Zahraniční praxe (převzato ze zdroje),Převzato ze zdroje,approved,"francie – zpevneni elektricke site po tempete lothar/martin (securisation mecanique, enfouissement)|francie (celostatni)|silny vitr"
78,Zaragoza – Water Saving City (řízení poptávky po vodě kombinací osvěty a tarifů),Sucho,Město,"Zaragoza, Španělsko",41.6488,-0.8891,Střední (500 tis. - 5 mil. Kč),Kontinuální (>10 let),"Dlouhodobý program řízení poptávky po vodě v semiaridním městě (~314 mm srážek/rok) běžící od r. 1996/97 (start jako LIFE projekt s výzvou 'ušetřit 1 mld. litrů za rok'): kombinace osvětových kampaní, dobrovolných závazků občanů a firem, revize tarifů (plná návratnost nákladů + bonusy: −10 % z účtu při snížení spotřeby o 40 %, krajské slevy 20–25 % na úsporné technologie), zapojení 140 prodejců úsporných technologií a instalatérů a snižování ztrát v distribuční síti.","Pokles spotřeby ze 180 l/os/den (1980) přes 136 (2000) na 105 (2010) a ~94 l/os/den (2018) – mezi nejnižšími v Evropě; celkové snížení spotřeby o ~30 % za 15 let navzdory 12% růstu populace; poruchy potrubí sníženy o >50 % a ztráty o >40 %; povědomí o úsporných opatřeních vzrostlo ze 40 % na 72 % obyvatel; případová studie Climate-ADAPT (EEA) – ukázka, že sucho lze řešit i na straně poptávky, levně a bez konfliktů.","Po dosažení nízké hladiny spotřeby další úspory zpomalují (diminishing returns); nutnost udržovat kampaně a tarifní strukturu; sociální citlivost tarifů (řešeno ochranou nízkopříjmových); přenos vyžaduje důvěru mezi městem, vodárnami a obchodem.","1. Politický závazek a měřitelný cíl (1 mld. l/rok)	 2. Koalice: město, vodárny, obchodníci, instalatéři, školy	 3. Osvětové kampaně a dobrovolné závazky	 4. Tarifní reforma (disincentivy + bonusy za úspory)	 5. Slevy na úsporné technologie	 6. Snižování ztrát v síti	 7. Monitoring spotřeby a publikace výsledků	 8. Rozšíření na parky, průmysl a okolní obce",Ayuntamiento de Zaragoza / Fundación Ecología y Desarrollo (ECODES),,climate-adapt.eea.europa.eu/en/metadata/case-studies/zaragoza-combining-awareness-raising-and-financial-measures-to-enhance-water-efficiency | ebrdgreencities.com/policy-tool/water-saving-programme-zaragoza-spain | cordis.europa.eu (LIFE96ENV-E-000509),2026-07-22,,"Životní prostředí, Finance a majetek, Obyvatelé a komunita",Kombinované,Před krizí – prevence,Zahraniční praxe (převzato ze zdroje),Převzato ze zdroje,approved,"zaragoza – water saving city (rizeni poptavky po vode kombinaci osvety a tarifu)|zaragoza, spanelsko|sucho"
79,EFAS – European Flood Awareness System (nadnárodní předpovědní systém povodní),"Povodně, Přívalové deště",Region,Evropa (nadnárodní; vývoj JRC Ispra),45.81,8.63,Vysoké (5-50 mil. Kč),Kontinuální (>10 let),"Nadnárodní systém včasného povědomí o povodních vyvinutý JRC po povodních na Labi a Dunaji 2002 (první vývoj 2003 s experty z Rakouska, ČR, Německa, Maďarska a Slovenska; od 2012 plně operační součást Copernicus EMS): hydrologický model LISFLOOD běží 2× denně se čtyřmi meteorologickými vstupy (deterministické DWD a ECMWF, ansámbly ECMWF a COSMO-LEPS) a poskytuje pravděpodobnostní předpovědi průtoků s předstihem až 10 dnů + indikátory bleskových povodní a sezónní výhledy. Notifikace partnerům (>100 národních/regionálních hydrologických služeb a civilních ochran vč. ČHMÚ) při splnění kritérií (povodí >2 000 km², předstih 48–240 h, překročení 5letého průtoku, ≥30% pravděpodobnost) a denní přehled pro ERCC Evropské komise.",Předstih až 10 dnů pro proaktivní rozhodování; přidaná hodnota zejména u přeshraničních povodí (harmonizované předpovědi); podpora ERCC při koordinaci evropské pomoci; síť >100 partnerů se zpětnou vazbou k přesnosti notifikací; veřejný archiv dat pro výzkum; ČR mezi zakládajícími experty – přímá relevance pro HZS/ČHMÚ praxi.,"Doplněk, nikoli náhrada národních systémů (akce v národní kompetenci); rozlišení a prahy omezené pro malá povodí a bleskové povodně (ilustruje Ahr 2021 – EFAS varoval, selhala národní 'poslední míle'); pravděpodobnostní informace vyžaduje trénink uživatelů; real-time data jen pro partnery.","1. Post-událostní mandát EK (2002)	 2. Vývoj LISFLOOD a kalibrace povodí	 3. Dohody s ECMWF a meteoslužbami o vstupech	 4. Budování partnerské sítě a kritérií notifikací	 5. Operacionalizace v Copernicus EMS (2012)	 6. Denní 24/7 provoz center (výpočty, disseminace, data)	 7. Zpětná vazba partnerů a skill assessment	 8. Průběžné upgrady modelu a produktů","European Commission JRC / ECMWF / Copernicus EMS (disseminace: SMHI, SHMÚ, Rijkswaterstaat)",,european-flood.emergency.copernicus.eu | ecmwf.int/en/research/projects/efas | copernicus.eu/en/european-flood-awareness-system | EGU23-5511 (skill assessment),2026-07-22,,"Infrastruktura, Obyvatelé a komunita",Technické,"Přímo v krizi – krátkodobá reakce, Připravenost systému (IZS)",Zahraniční praxe (převzato ze zdroje),Převzato ze zdroje,approved,"efas – european flood awareness system (nadnarodni predpovedni system povodni)|evropa (nadnarodni; vyvoj jrc ispra)|povodne, privalove deste"
80,Čína – Sponge City Programme (národní program houbových měst),"Sucho, Povodně, Přívalové deště",Region,Čína (celostátní; pilot Wu-chan),30.5928,114.3055,Vysoké (5-50 mil. Kč),Kontinuální (>10 let),"Národní politická iniciativa (koncept 2013, směrnice MOHURD 2014, start 2015 v 16 pilotních městech, rozšířeno na 30 a dále desítky měst) integrující modrozelenou infrastrukturu a LID do urbanismu: dešťové zahrady, bioswales, umělé mokřady, propustné povrchy, retenční parky. Klíčový výkonnostní index: Volume Capture Ratio of Annual Rainfall (VCRa) – cíl zachytit/využít 70 % ročních srážek; do 2020 mělo být pokryto ~20 % urbánních ploch, do 2030 ~80 % urbánních ploch s cílem VCRa 70 %. Pilot Wu-chan ('město sta jezer', jezera zmenšena o ~70 % od 50. let): přes 389 projektů na ~20,9 km², cíl ochrany proti 30leté povodni; kombinace NBS a šedých opatření.","Bezprecedentní měřítko mainstreamingu SUDS/LID principů do národní politiky; jednotná kvantifikovaná metrika (VCRa 70 %) umožňující srovnání měst; nezávislé evaluace (Clemson dissertation, SWMM studie Qingshan) ukazují trend k dosažení cíle v pilotních povodích; adresuje současně zaplavování, doplňování podzemních vod, kvalitu vody i tepelný ostrov.",Extrémní srážky nad návrhové parametry systém přehltí (Zhengzhou 2021); heterogenní kvalita implementace mezi městy; financování údržby po pilotní fázi; VCRa je proxy – vztah k reálnému snížení škod vyžaduje další evaluaci; institucionální kontext omezuje přímou přenositelnost governance (technická opatření přenositelná jsou).,"1. Národní směrnice a technické guidelines (MOHURD 2014)	 2. Výběr pilotních měst s centrálním kofinancováním	 3. Stanovení VCRa cílů a plánů povodí	 4. Realizace LID/BGI projektů ve vybraných okrscích	 5. Monitoring (srážky, odtok, SWMM modelace)	 6. Evaluace pilotů a revize standardů	 7. Škálování na další města s cílem 80 % ploch do 2030",MOHURD / State Council ČLR / municipality (pilot: Wuhan),,"networknature.eu (Wuhan Sponge City Programme) | open.clemson.edu/all_dissertations/3035 (evaluace VCRa, 3 case studies) | frontiersin.org/articles/10.3389/frwa.2024.1406520 (SWMM Qingshan) | MOHURD Sponge City Construction Guidelines (2014)",2026-07-22,,"Životní prostředí, Infrastruktura",Kombinované,Před krizí – prevence,Zahraniční praxe (převzato ze zdroje),Převzato ze zdroje,approved,"cina – sponge city programme (narodni program houbovych mest)|cina (celostatni; pilot wu-chan)|privalove deste, povodne, sucho"
81,Melbourne – Urban Forest Strategy (strategie městského lesa s cílem 40% korunového zápoje),"Sucho, Vlny veder",Město,"Melbourne, Austrálie",-37.8136,144.9631,Vysoké (5-50 mil. Kč),Kontinuální (>10 let),"Dvacetiletá strategie (přijata 2012 po miléniovém suchu 1997–2009 a zjištění ULE assessmentu, že >20 % stromů zanikne do 10 let a ~40 % do 20 let): zdvojnásobit korunový zápoj veřejných prostranství z 22 % na 40 % do r. 2040 výsadbou ~3 000 stromů ročně; pravidla diverzity proti plošnému úhynu (max. 5 % jednoho druhu, 10 % rodu, 20 % čeledi); cíl 90 % stromů v dobrém zdravotním stavu do 2040; zlepšení půdní vlhkosti (water sensitive city) a biodiverzity. Implementace přes 10+ Urban Forest Precinct Plans rozpracovaných ulici po ulici, s formálním schvalovacím procesem a veřejnou konzultací; doprovodná online vizualizace každého stromu (Urban Forest Visual) s možností občanů psát stromům e-maily.","Kvantifikovaný, právně schválený cíl s ročním tempem výsadby a diverzitními limity – převoditelná šablona pro městské strategie; rozpočet AUD 30 mil., 42 000 stromů za 20 let; korunový zápoj jako nákladově nejefektivnější mitigace UHI (dle strategie); transparentní monitoring (mapa každého stromu); precinct plány umožňují lokální kalibraci vč. druhové skladby a redesignu ulic.",Horizont 2040 přesahuje volební cykly – závislost na kontinuitě; konflikty se sítěmi a heritage režimy; zavlažování mladých stromů v suchém klimatu; kompenzace úbytku stárnoucí populace stromů vyžaduje trvalé tempo; efekt zápoje na teplotu se plně projeví až po dekádách růstu.,"1. ULE assessment zdraví a životnosti stromové populace	 2. Strategie s cíli (40 % zápoj, diverzita, zdraví, půdní vlhkost)	 3. Formální přijetí radou a rozpočet	 4. Precinct plány ulici po ulici s konzultacemi	 5. Výsadba ~3 000 stromů/rok dle evidence-based výběru druhů	 6. Závlaha a péče o mladé stromy	 7. Online monitoring (Urban Forest Visual) a roční kontroly zdraví	 8. Aktualizace plánů dle vývoje zápoje",City of Melbourne,,melbourne.vic.gov.au/urban-forest-strategy | aiph.org/green-city-case-studies/melbourne-australia-urban-forestry | cities4forests.com (case study) | melbourneurbanforestvisual.com.au | pozn.: tematická vazba na #2 (Praha výsadba) a #50 (Toronto Cool Streets) – Melbourne přidává strategickou vrstvu s kvantifikovaným cílem,2026-07-22,,"Životní prostředí, Zdraví, Infrastruktura",Organizační,Před krizí – prevence,Zahraniční praxe (převzato ze zdroje),Převzato ze zdroje,approved,"melbourne – urban forest strategy (strategie mestskeho lesa s cilem 40% korunoveho zapoje)|melbourne, australie|vlny veder, sucho"
82,Trombeho stěna / solární komín s letním chladicím režimem (pasivní větrání a chlazení),Vlny veder,Budova,Česká republika (obecně aplikovatelné),49.75,15.0,Nízké (<500 tis. Kč),Krátkodobá (<1 rok),"Prvek pasivní solární architektury (princip patentován E. S. Morsem 1881, rozvinut F. Trombem a J. Michelem v 60. letech v Odeillu): masivní tmavá jižní stěna s předsazeným prosklením. V létě funguje jako solární komín – slunce ohřeje vzduch v komoře na 50–70 °C, ten stoupá a horním otvorem uniká ven; vzniklý podtlak (jednotky Pa) nasává vzduch z interiéru a vytváří stálé provětrávání rychlostí až 1 m/s, ideálně s přívodem čerstvého vzduchu z chladnější severní strany, sklepa či zemního potrubí. Čím silněji slunce svítí, tím silnější tah – systém pracuje nejúčinněji právě v největším horku. V zimě se přepne do topného režimu (horní výdech dovnitř, akumulační stěna sálá teplo večer a v noci). Svépomocná realizace: dřevěný rám hloubky ~15 cm na jižní fasádě, matný černý nátěr absorpční plochy, staré okenní rámy / tvrzené sklo / polykarbonát, dva otvory s mřížkami a sítěmi proti hmyzu.","Nulové provozní náklady a spotřeba energie (bez ventilátorů a chladiva); samoregulace výkonu podle oslunění; celoroční využití (léto chlazení/větrání, zima předehřev); realizovatelné svépomocí ze zbytkových materiálů za minimální náklady; bez hluku a průvanu klimatizace; snižuje závislost domácností na elektřině ve špičkách veder.","Vyžaduje osluněnou jižní fasádu; účinnost závisí na správném návrhu otvorů a jejich sezónním přepínání (chybný režim může interiér naopak přihřívat); nutné sítě proti hmyzu a ochrana proti dešti; estetický zásah do fasády (u BD souhlas SVJ); chladicí efekt je nepřímý (výměna vzduchu), nikoli aktivní snížení teploty pod venkovní úroveň – vhodné kombinovat s nočním předchlazením a stíněním.",1. Posouzení orientace a oslunění jižní fasády	 2. Návrh komory (hloubka ~15 cm) a dimenzí otvorů	 3. Montáž rámu a černý matný nátěr absorpční plochy	 4. Vzduchotěsné osazení zasklení (sklo/polykarbonát)	 5. Osazení spodního (interiér) a horního (exteriér – letní režim) otvoru s mřížkami	 6. Zajištění přívodu chladného vzduchu (sever/sklep/zemní registr)	 7. Sezónní přepínání režimů léto/zima	 8. Kontrola těsnosti a čištění zasklení,"Dřevostavitel.cz (redakce; princip: Morse 1881, Trombe & Michel)",,"drevostavitel.cz/clanek/trombeho-stena-umi-ochladit-dum-vyuzitim-jednoduche-fyziky (2.7.2026) | doporučeno doplnit: odborná literatura pasivní solární architektury (např. Passive Solar Energy Book, Mazria)",2026-07-22,,"Budovy, Finance a majetek, Zdraví",Technické,Před krizí – prevence,Domácí praxe (převzato ze zdroje),Převzato ze zdroje,approved,trombeho stena / solarni komin s letnim chladicim rezimem (pasivni vetrani a chlazeni)|ceska republika (obecne aplikovatelne)|vlny veder
83,Vnější stínění oken (předokenní žaluzie) proti přehřívání bytů v panelových domech,Vlny veder,Budova,"Česká republika (případ: panelový byt, JZ orientace)",49.75,15.0,Nízké (<500 tis. Kč),Krátkodobá (<1 rok),"Dodatečná montáž předokenních (vnějších) žaluzií se servopohonem na bytový dům jako alternativa klimatizace. Fyzikální princip: sluneční záření je nutné zastavit PŘED okenní tabulí – jakmile projde sklem, skleníkový efekt ohřeje interiér a vnitřní žaluzie už teplo neodvedou. Dokumentovaný případ panelového bytu s okny na jihozápad: po instalaci na všechna okna pokles vnitřní teploty o 7 °C oproti stavu bez stínění; předchozí mobilní klimatizace byla hlučná, nedostatečná a provozně drahá. Provozní náklady stínění jsou minimální (jen elektřina servomotorků); šikmé naklopení lamel odráží přímé paprsky při zachování denního světla; ovládání aplikací na dálku; při silném nárazovém větru se doporučuje stínění vytáhnout nebo lamely nastavit vodorovně (volitelně větrné senzory). V BD stačí zpravidla souhlas SVJ; ochlazení jednoho bytu snižuje prostup tepla i do sousedních bytů.","Pokles vnitřní teploty o ~7 °C bez klimatizace (dokumentovaný případ); zlomkové provozní náklady oproti klimatizaci; žádný hluk, průvan ani zdravotní potíže z chlazeného vzduchu; nižší zatížení elektrizační soustavy ve špičkách veder; pozitivní přelévání na sousední byty a demonstrační efekt (sousedé instalují po vlastní zkušenosti); u pasivních domů již standard – potenciál plošné aplikace na starší bytový fond.","Obtížnější shánění montážní firmy pro vyšší patra BD (dodavatelé cílí na RD); nutný souhlas SVJ (zpravidla bezproblémový, ale nutný); zranitelnost lamel při nárazovém větru vyžaduje provozní kázeň nebo senzory; vyšší pořizovací cena než vnitřní stínění; neřeší noční odvod tepla akumulovaného v konstrukci (kombinovat s nočním větráním).",1. Posouzení orientace oken a tepelné zátěže bytu	 2. Projednání se SVJ / vlastníkem domu	 3. Výběr dodavatele se zkušeností s BD a výškovou montáží	 4. Montáž žaluzií se servopohonem na všechna exponovaná okna	 5. Nastavení šikmého naklopení lamel (stín + denní světlo)	 6. Provozní pravidla pro vítr (vytažení / vodorovné lamely / senzor)	 7. Případné propojení s aplikací pro dálkové ovládání	 8. Sdílení zkušeností v domě (demonstrační efekt),Dřevostavitel.cz (dokumentovaný případ domácnosti),,"drevostavitel.cz/clanek/prehrivani-panelakoveho-bytu (30.6.2026) | doporučeno doplnit: ČSN 73 0540-2 (tepelná stabilita místností), podklady Nové zelené úsporám (dotace na stínicí techniku)",2026-07-22,,"Budovy, Finance a majetek, Zdraví",Technické,Před krizí – prevence,Domácí praxe (převzato ze zdroje),Převzato ze zdroje,approved,"vnejsi stineni oken (predokenni zaluzie) proti prehrivani bytu v panelovych domech|ceska republika (pripad: panelovy byt, jz orientace)|vlny veder"
84,Noční předchlazení a příčné větrání domácnosti s podporou ventilátorů,Vlny veder,Domácnost,Česká republika (obecně aplikovatelné),49.75,15.0,Nízké (<500 tis. Kč),Krátkodobá (<1 rok),"Behaviorálně-technická praktika pasivního chlazení bytů a domů bez klimatizace kombinující tři principy: (1) NOČNÍ PŘEDCHLAZENÍ – intenzivní větrání v nejchladnějších hodinách noci a časného rána, kdy venkovní teplota klesá pod vnitřní; (2) PŘÍČNÉ VĚTRÁNÍ – otevření oken na protilehlých stranách bytu/podlaží vytvoří průvan, který vymění teplý vzduch mnohonásobně rychleji než jedno okno; (3) SPRÁVNÁ ORIENTACE VENTILÁTORU – ventilátor umístěný v okně tak, aby horký vzduch VYTLAČOVAL ven (výtlačný režim na závětrné/teplé straně), případně v noci nasával chladný vzduch dovnitř, mění reálně teplotu místnosti; foukání ventilátorem na osobu pouze zvyšuje odpar z kůže (pocitové ochlazení jednotky °C), ale místnost neochladí a při teplotách nad ~35 °C může tepelnou zátěž těla i zvyšovat. Přes den se okna, rolety i závěsy (silné, světlé) drží zavřené, aby se zabránilo solárním ziskům; v suchém horku lze doplnit mlžicí ventilátory (evaporační efekt), ve vlhkém klimatu jsou nevhodné. Bezpečnost otevřených oken v noci (zabezpečení, děti, hmyz) je součástí praktiky.",Nulové/minimální náklady (ventilátor má spotřebu ~2–5 % klimatizace); snížení teploty jádra bytu využitím denní amplitudy (v ČR v létě typicky 10–15 °C rozdíl den/noc); okamžitá aplikovatelnost bez stavebních úprav – vhodné i pro nájemní bydlení a zranitelné skupiny; snížení špičkové zátěže sítě; edukativně jednoduchá zpráva pro krizovou komunikaci obcí při vlnách veder.,"Účinnost klesá při tropických nocích (Tmin >20 °C) a v hlučných/znečištěných lokalitách; bezpečnostní rizika otevřených oken v přízemí (kompromis: mikroventilace, mříže, okna na protilehlé nezávislé fasádě); průvan a alergeny (pyly – větrat po ránu s rozvahou); mlžení nevhodné při vysoké vlhkosti; vyžaduje každodenní disciplínu domácnosti; u foukání na osobu nutná osvěta o limitech při extrémních teplotách.","1. Identifikace nejchladnějších hodin (typicky 3–7 h ráno; ověřit teploměrem/aplikací)	 2. Otevření oken na protilehlých fasádách pro průvan	 3. Umístění ventilátoru do okna ve výtlačném režimu (horký vzduch ven), příp. druhý nasává chladný	 4. Ráno uzavření oken, stažení rolet/žaluzií a zatažení silných světlých závěsů	 5. Přes den minimalizace vnitřních zisků (vaření, spotřebiče)	 6. Přizpůsobení režimu lokálnímu klimatu (vlhkost, hluk, bezpečnost)	 7. Večer opakování cyklu; při tropické noci alespoň řízená výměna vzduchu",Konsolidováno z více zdrojů (Paratu Reforma; Medium.seznam.cz; NKZ.cz),,paratureforma.com/blog/en/common-elements/how-to-use-nighttime-ventilation-to-cool-your-home-in-the-summer | medium.seznam.cz/clanek/michael-pastva-fyzika-misto-drahe-klimatizace-trik-s-vetrakem-291357 | nkz.cz/praxe/okrasna-zahrada/proc-foukate-vetrakem-na-sebe | doporučeno doplnit: odborné podklady building physics (night purge ventilation),2026-07-22,,"Budovy, Zdraví, Obyvatelé a komunita",Kombinované,"Přímo v krizi – krátkodobá reakce, Před krizí – prevence",Domácí praxe (převzato ze zdroje),Převzato ze zdroje,approved,nocni predchlazeni a pricne vetrani domacnosti s podporou ventilatoru|ceska republika (obecne aplikovatelne)|vlny veder
85,"Osobní ochrana zdraví při vlnách veder: hydratace, rozpoznání úpalu a úžehu, vychlazení vozidla",Vlny veder,Domácnost,Česká republika (obecně aplikovatelné),49.75,15.0,Nízké (<500 tis. Kč),Krátkodobá (<1 rok),"Souhrn individuálních opatření sebeochrany pro krizovou komunikaci při vlnách veder. HYDRATACE: pravidelný příjem tekutin v malých dávkách po celý den (nečekat na žízeň – u seniorů je pocit žízně oslaben), preference vody a minerálek s elektrolyty při pocení, omezení alkoholu a nadbytku kofeinu, kontrola barvy moči jako indikátoru. ROZPOZNÁNÍ STAVŮ: úžeh (přímé působení slunce na hlavu – bolest hlavy, nevolnost, zarudnutí) vs. úpal (selhání termoregulace i bez slunce – horká suchá kůže, teplota přes 40 °C, zmatenost, porucha vědomí; ŽIVOT OHROŽUJÍCÍ – volat 155). PRVNÍ POMOC: přesun do stínu/chladu, aktivní chlazení (vlažná voda, obklady na krk/třísla/podpaží, vějíř), tekutiny po doušcích při vědomí; při poruše vědomí nikdy nepodávat tekutiny, stabilizovaná poloha, 155. VOZIDLO: rychlé vychlazení rozpáleného auta příčným větráním (stáhnout okno na jedné straně a opakovaně 'pumpovat' protilehlými dveřmi – výměna horkého vzduchu za sekundy před jízdou); zaparkované auto se v létě přehřeje na 50–60 °C i za minuty – NIKDY nenechávat děti ani zvířata ve vozidle ani krátce.","Nulové náklady, okamžitá aplikovatelnost; adresuje hlavní mechanismy heat-related mortality (dehydratace, úpal) u nejzranitelnějších skupin (senioři, malé děti, chronicky nemocní, venkovní pracovníci); jasně odlišuje banální úžeh od život ohrožujícího úpalu (časná aktivace ZZS); ideální obsah pro obecní rozhlas, sociální sítě obcí a pečovatelské služby při výstrahách ČHMÚ – doplňuje systémovou vrstvu (#4, #74) o vrstvu individuální.","Popularizační zdroje – před oficiálním užitím sjednotit s doporučeními SZÚ/MZ ČR a ZZS (zejm. postupy první pomoci); efektivita závisí na dosahu komunikace k izolovaným seniorům (kombinovat s registry/kontaktováním dle vzoru Plan Canicule #74); individuální opatření nenahrazují systémová (stínění, chlazená místa); u specifických diagnóz (kardiaci, renální pacienti) je pitný režim individuální – odkázat na lékaře.","1. Příprava komunikačních materiálů (hydratace, úpal vs. úžeh, auto) ověřených se ZZS/SZÚ	 2. Distribuce před sezónou (obce, pečovatelské služby, školy, zaměstnavatelé)	 3. Aktivace při výstraze ČHMÚ (rozhlas, SMS, sociální sítě)	 4. Cílení na zranitelné skupiny (senioři – kontaktování, venkovní pracovníci – režim práce)	 5. Nácvik první pomoci při úpalu (kurzy, letáky)	 6. Kampaň 'nikdy dítě v autě' na parkovištích	 7. Po sezóně vyhodnocení zásahů ZZS pro zpětnou vazbu",Konsolidováno z popularizačních zdrojů (Kupi.cz magazín),,"kupi.cz/magazin/clanek/14422-hydratace-behem-veder | kupi.cz/magazin/clanek/45834-upal-uzeh-rozdil | kupi.cz/magazin/clanek/22653-ochlazeni-v-horku | kupi.cz/magazin/clanek/44850-krizove-vetrani-automobil | NAHRADIT před schválením: SZÚ (szu.cz) a MZ ČR doporučení pro horké dny, guidelines ZZS",2026-07-22,,"Zdraví, Obyvatelé a komunita",Organizační,Přímo v krizi – krátkodobá reakce,Domácí praxe (převzato ze zdroje),Převzato ze zdroje,approved,"osobni ochrana zdravi pri vlnach veder: hydratace, rozpoznani upalu a uzehu, vychlazeni vozidla|ceska republika (obecne aplikovatelne)|vlny veder"
86,USA – IBHS FORTIFIED Home (standard odolné výstavby s pojistnými slevami),"Krupobití, Přívalové deště, Silný vítr",Budova,Alabama / USA (Gulf Coast),30.2672,-87.7008,Nízké (<500 tis. Kč),Krátkodobá (<1 rok),"Dobrovolný nadstavbový standard výstavby a přestřešení vyvinutý pojišťovacím institutem IBHS ve třech úrovních (FORTIFIED Roof / Silver / Gold) pro odolnost vůči silnému větru, hnanému dešti a kroupám; nenahrazuje stavební předpisy, ale doplňuje je o ověřené detaily (kotvení střešního pláště, utěsnění bednění, zesílené okraje) s povinnou nezávislou evaluací a certifikací každé stavby. Alabama model systémově propojila s trhem: program Strengthen Alabama Homes poskytuje granty do 10 000 USD na retrofit střech a pojistitelé poskytují benchmarkové slevy za certifikaci; ve státě je přes 53 000 certifikovaných domů (nejvíce v USA), celonárodně program v r. 2026 překročil 100 000 designací.","První empirická evidence velkého vzorku: peer-reviewed studie University of Alabama (zadaná Alabama DOI) na >40 000 pojištěných nemovitostech ($17 mld. pojistné hodnoty) po hurikánu Sally (2020, kat. 2) prokázala významně nižší škody a méně pojistných událostí u FORTIFIED domů; kdyby všechny domy v dráze bouře měly FORTIFIED Roof, pojistitelé by ušetřili odhadem 105,6 mil. USD (u Gold 116,1 mil. USD); certifikované domy překonaly i domy dle shodných předpisů bez nezávislé evaluace – hodnota kontroly kvality; řeší dostupnost a cenu pojištění mitigací u zdroje.",Dobrovolnost vyžaduje pobídkový ekosystém (granty + slevy + osvěta); náklady retrofitu nese vlastník (mitigováno granty); přenos do EU vyžaduje adaptaci na místní normy (Eurokódy) a pojistný trh; evidence zatím primárně pro hurikánové větry – krupová složka standardu (odolné krytiny) hodnocena laboratorně.,"1. Vývoj standardu na základě laboratorního výzkumu (IBHS Research Center)	 2. Tři úrovně s jasnými technickými detaily	 3. Nezávislá evaluace a certifikace každé stavby	 4. Státní grantový program na retrofity (Strengthen Alabama Homes, do 10 000 USD)	 5. Zákonem ukotvené pojistné slevy za certifikaci	 6. Osvěta vlastníků a školení dodavatelů	 7. Post-událostní evaluace výkonnosti (Sally 2020)	 8. Škálování do dalších států",Insurance Institute for Business & Home Safety (IBHS) / Alabama Department of Insurance,fortifiedhome.org,"ibhs.org/ibhs-news-releases/study-shows-ibhss-fortified-program-reduced-hurricane-sally-damage | aldoi.gov/pdf/news/performanceibhsfortifiedhomeconstructionhurricanesally.pdf (peer-reviewed, Univ. of Alabama CRIR) | ibhs.org (100 000 designací, 5/2026)",2026-07-22,,"Budovy, Finance a majetek",Kombinované,Před krizí – prevence,Zahraniční praxe (převzato ze zdroje),Převzato ze zdroje,approved,"usa – ibhs fortified home (standard odolne vystavby s pojistnymi slevami)|alabama / usa (gulf coast)|silny vitr, krupobiti, privalove deste"
87,Hongkong – Slope Safety System (systematická sanace svahů LPM/LPMitP),"Sesuvy, Přívalové deště",Region,"Hongkong, Čína",22.3193,114.1694,Vysoké (5-50 mil. Kč),Kontinuální (>10 let),"Světově referenční program řízení rizika sesuvů v extrémně urbanizovaném hornatém území (63 % území sklon >15°; od 40. let >470 obětí sesuvů): od r. 1977 Landslip Preventive Measures Programme (LPMP) Geotechnical Engineering Office (GEO) systematicky přetřídil a sanoval substandardní umělé svahy – do 2010 upraveno ~4 500–4 600 vládních svahů a vydáno ~2 600 Dangerous Hillside Orders soukromým vlastníkům; od 2010 navazující rolling Landslip Prevention and Mitigation Programme (LPMitP) s ročními cíli: 150 vládních svahů, 100 bezpečnostních prověrek soukromých svahů a 30 povodí přirozených strání (zahrnutí přírodních svahů po >1 000 sesuvech při bouři 7. 6. 2008). Doplněno katalogem svahů, Landslip Warning systémem navázaným na srážky, 24/7 geotechnickou pohotovostí a veřejnou osvětou.","Kvantifikovaná redukce rizika: do 2000 globální riziko sesuvů sníženo na ~50 % úrovně 1977 (GEO Report 125, PLL/F-N metodika) a do 2010 na méně než 25 % úrovně 1977; kumulativní investice HK$18 mld. (~2,3 mld. USD) od 1977; kombinace inženýrských sanací, právních nástrojů vůči soukromým vlastníkům, varování a osvěty; explicitní risk-informed prioritizace (nejrizikovější svahy první) – metodicky blízké vašemu MCDM přístupu.","Trvalý závazek: bez udržení investic riziko opět roste (degradace svahů, expanze zástavby, klimatická změna intenzifikuje srážky); vysoké kumulativní náklady; vymáhání DH Orders u soukromých vlastníků; přírodní stráně nelze plně 'sanovat' – nutná mitigace (bariéry) a únosné riziko.","1. Katalog a klasifikace všech svahů (riziko, konsekvence)	 2. Risk-informed prioritizace (PLL, F-N křivky)	 3. Roční program sanací vládních svahů	 4. Dangerous Hillside Orders soukromým vlastníkům	 5. Studie a mitigace přírodních povodí (bariéry proti debris flow)	 6. Landslip Warning navázaný na srážkové prahy	 7. 24/7 geotechnická pohotovost a audit staveb	 8. Veřejná osvěta a údržbové povinnosti vlastníků","Geotechnical Engineering Office (GEO), CEDD, Hong Kong SAR",,cedd.gov.hk/eng/our-projects/landslip/lpmitp | GEO Report No. 125 (risk assessment) | ScienceDirect S1674775513000875 (Landslide disaster prevention through works) | ICE case study,2026-07-22,,"Finance a majetek, Zdraví, Infrastruktura",Kombinované,"Před krizí – prevence, Připravenost systému (IZS)",Zahraniční praxe (převzato ze zdroje),Převzato ze zdroje,approved,"hongkong – slope safety system (systematicka sanace svahu lpm/lpmitp)|hongkong, cina|privalove deste, sesuvy"
88,Kapské Město – odvrácení 'Day Zero' řízením poptávky při extrémním suchu,Sucho,Město,"Kapské Město, Jihoafrická republika",-33.9249,18.4241,Střední (500 tis. - 5 mil. Kč),Krátkodobá (<1 rok),"Krizové řízení poptávky během nejhoršího sucha za >100 let (2015–2018), kdy nádrže klesly k 26 % a hrozilo vypnutí kohoutků ('Day Zero' při 13,5 %): eskalační kombinace (1) exponenciálních tarifů, (2) restrikcí (postupně 100 → 87 → 50 l/os/den s pokutami a instalací omezovacích měřičů u neplničů na jejich náklady), (3) snížení tlaku v síti (méně ztrát i spotřeby) a (4) radikálně transparentní komunikace (týdenní dashboard hladin nádrží, mapa spotřeby domácností, personalizované dopisy primátora velkoodběratelům – samotné snížily spotřebu o 3 %). Day Zero odvolán 3/2018 po zimních deštích; navazuje New Water Programme (diverzifikace zdrojů ~300 Ml/den do 2030) a čtyřnásobení tempa obnovy potrubí.","Spotřeba snížena o 50–55 % (z ~600 na <500 Ml/den; z ~180 na 84 l/os/den v 2018 – pokles 54 %) bez přerušované dodávky – dle IWA (ocenění 2018) žádné jiné město takové redukce bez intermitence nedosáhlo; peer-reviewed dekompozice účinnosti opatření (Utilities Policy 2021): −14,3 % po hrozbě omezovacích měřičů, −17,2 % po zveřejnění krizového plánu, −20 až −24 % při kombinaci 50l limitu, tlaku a tarifů; přenesení spoluodpovědnosti na obyvatele transparentní komunikací jako klíčový zesilovač.","Ekvitní dopady: bohatší domácnosti substituovaly vrty a nádrže, což podlomilo křížové dotace nízkopříjmovým (NBER/CEPR analýzy) – po krizi nutná tarifní reforma; 'krizový' charakter obtížně udržitelný v normálu; závislost na kvalitních datech o spotřebě; komunikace strachem ('Day Zero') účinná, ale jednorázová – riziko otupení.","1. Eskalační schéma restrikcí navázané na hladiny nádrží	 2. Exponenciální tarify + ochrana nízkopříjmových	 3. Omezovací měřiče u neplničů (na jejich náklady)	 4. Snížení tlaku v síti	 5. Radikální transparentnost (dashboardy, mapy spotřeby)	 6. Personalizovaná komunikace velkoodběratelům	 7. Poradní výbor (WRAC) s akademiky, byznysem a NGO	 8. Po krizi: diverzifikace zdrojů, obnova sítě, tarifní reforma",City of Cape Town,,Utilities Policy (2021) doi:10.1016/j.jup.2021.101183 (dekompozice opatření) | princeton.edu Successful Societies case study | africancentreforcities.net (Ziervogel 2019 lessons) | brookings.edu (post-krize NWP),2026-07-22,,"Finance a majetek, Zdraví, Obyvatelé a komunita",Organizační,Přímo v krizi – krátkodobá reakce,Zahraniční praxe (převzato ze zdroje),Převzato ze zdroje,approved,"kapske mesto – odvraceni 'day zero' rizenim poptavky pri extremnim suchu|kapske mesto, jihoafricka republika|sucho"
89,Rakousko – HORA (veřejná mapa přírodních rizik jako PPP státu a pojistitelů),"Povodně, Krupobití, Vícenásobné extrémy, Silný vítr",Region,Rakousko (celostátní),47.5162,14.5501,Střední (500 tis. - 5 mil. Kč),Kontinuální (>10 let),"Národní webová platforma rizikové zonace (hora.gv.at) vzniklá jako public-private partnership ministerstva (BML) a Rakouského svazu pojišťoven (VVO) po katastrofální povodni 2002: každý občan zdarma zjistí zadáním adresy či klikem do mapy ohrožení své parcely – původně povodně (zonace podél >25 000 říčních km za 4 roky, scénáře Q30/Q100/Q200 vč. selhání ochran), postupně rozšířeno na zemětřesení, bouře/vítr, blesky, kroupy a sníh + aktuální stavy hladin a denní mapy nárazů větru. Projekt předjímal požadavky směrnice 2007/60/ES na informování veřejnosti; HORA 3.0 (2022, tým G. Blöschla TU Wien) přepočítala zóny 2D nestacionární simulací v rozlišení 2 m pro 32 000 km toků; HORA 3D přidává objektovou 3D vizualizaci zaplavení pro laiky.","Bezplatný, adresně cílený přístup k riziku posiluje vnímání rizika, vlastní prevenci a informované rozhodování při koupi nemovitostí; sdílení nákladů a dat mezi státem a pojistiteli (oboustranný zájem na kvalitní zonaci); mezinárodně oceňovaný showcase rizikové komunikace (>17 let provozu); metodicky špičkové (peer-reviewed HORA 3.0); doplněk k parcelně závazným Gefahrenzonenplänen – správně komunikuje rozdíl orientační vs. závazné mapy.",Orientační charakter (není podkladem povolování – riziko záměny s hazard zone plans); možný dopad na ceny nemovitostí v zónách; nutnost průběžné aktualizace modelů; pluviální (přívalové) záplavy zatím v přípravě; komunikace nejistot modelů laické veřejnosti.,"1. Politický impuls po katastrofě (2002) a dohoda stát–pojistitelé	 2. Celoplošná hydrologicko-hydraulická zonace (TU Wien, IAWG)	 3. Webová platforma s adresním vyhledáváním	 4. Postupné rozšíření na další hazardy (kroupy, vítr, sníh, blesky)	 5. Modernizace metodik (HORA 3.0: 2m rozlišení, 2D simulace)	 6. 3D vizualizace pro laiky (HORA 3D)	 7. Kampaně k vlastní prevenci a vazba na pojištění	 8. Průběžná aktualizace a integrace real-time dat",BML (Bundesministerium) / VVO (Versicherungsverband Österreich) / TU Wien,hora.gv.at,"hora.gv.at | bmluk.gv.at (GIS applications, HORA 3D) | Blöschl et al. (2022) HORA 3.0, Österr. Wasser- und Abfallwirtschaft | de.wikipedia.org/wiki/Hora.gv.at",2026-07-22,,"Budovy, Finance a majetek, Obyvatelé a komunita",Organizační,Před krizí – prevence,Zahraniční praxe (převzato ze zdroje),Převzato ze zdroje,approved,"rakousko – hora (verejna mapa prirodnich rizik jako ppp statu a pojistitelu)|rakousko (celostatni)|povodne, krupobiti, silny vitr, vicenasobne extremy"
90,"Švýcarsko – kantonální pojišťovny budov (KGV): integrace prevence, zásahu a pojištění","Povodně, Krupobití, Vícenásobné extrémy, Silný vítr",Region,Švýcarsko (19 kantonů),46.8182,8.2275,Vysoké (5-50 mil. Kč),Kontinuální (>10 let),"Veřejnoprávní monopolní pojišťovny budov v 19 z 26 kantonů s povinným komplexním pojištěním proti požáru a přírodním živlům (povodeň, bouře, kroupy, laviny, tlak sněhu, skalní řícení, sesuv) pro 2,3 mil. budov (~85 % fondu budov, pojistný kapitál ~2 800 mld. CHF). Unikátní trojjedinost úkolů 'Prävention–Intervention–Versicherung': KGV financují a řídí požární i živelní prevenci (normy, poradenství, příspěvky na ochranná opatření) a podporují hasičské/zásahové struktury – poznatky z likvidace škod se přímo vracejí do prevence. Solidární jednotné prémie a vzájemné zajištění mezi kantony (IRV); ve zbylých 7 kantonech privátní model s Elementarschadenpool (od 1953, 85% sdílení prémií).","Ekonomické studie (Die Volkswirtschaft 2019 aj.) dokládají efektivnější a levnější ochranu než konkurenční systémy: monopol s prevenční kompetencí účinně tlumí morální hazard, protože pojistitel má přímý finanční zájem i nástroje škodám předcházet; mimořádně příznivý škodní průběh a atraktivní prémie; systémová vazba pojištění→prevence→zásah je pro CFPA-E publikum modelový 'proof of concept' integrovaného řízení rizika; dlouhodobá stabilita (desítky až stovky let provozu).","Přenositelnost limitovaná: monopolní veřejnoprávní uspořádání by dle GDV bylo v Německu/EU ústavně i unijně problematické (Solvency II, jednotné prémie bez rizikové diferenciace); vyžaduje federální právní tradici; jednotné prémie oslabují cenový signál rizika lokality (kompenzováno zonací a prevencí); politická citlivost monopolu.","1. Kantonální zákon: povinné pojištění + veřejnoprávní nositel	 2. Jednotné prémie a solidární zajištění (IRV)	 3. Prevenční mandát: normy, poradenství, spolufinancování ochran	 4. Podpora zásahových složek (hasiči)	 5. Zpětná vazba škodních dat do prevence a zonace	 6. Koordinace s privátním poolem v ostatních kantonech	 7. Průběžná aktualizace živelních standardů (SIA, VKG doporučení)",VKG (Vereinigung Kantonaler Gebäudeversicherungen) / kantonální KGV,vkg.ch,vkg.ch/de/ueber-uns/kantonale-gebaeudeversicherungen/erfolgsrezept-kgv | dievolkswirtschaft.ch/de/2019/06/moser-ziegler-07-2019 (ekonomická evaluace) | procontra-online.de (diskuse přenositelnosti do DE),2026-07-22,,"Budovy, Finance a majetek",Organizační,"Po krizi – obnova, Před krizí – prevence",Zahraniční praxe (převzato ze zdroje),Převzato ze zdroje,approved,"svycarsko – kantonalni pojistovny budov (kgv): integrace prevence, zasahu a pojisteni|svycarsko (19 kantonu)|vicenasobne extremy, krupobiti, silny vitr, povodne"
91,Jižní Tyrolsko – protikroupové sítě v intenzivním ovocnářství,"Krupobití, Vlny veder",Region,"Jižní Tyrolsko (Bolzano), Itálie",46.4983,11.3548,Střední (500 tis. - 5 mil. Kč),Krátkodobá (<1 rok),"Plošně rozšířená fyzická ochrana intenzivních jabloňových sadů (spon typicky 3,0 × 0,8 m, stromy do 3,5 m) překryvnými protikroupovými sítěmi na trvalé lanové konstrukci se sezónním otevíráním/zavíráním; v největším evropském jablečném regionu de facto standard produkce klubových odrůd. Sítě (černé snižují vnější PAR o ~20–25 %, fotoselektivní varianty méně) eliminují mechanické poškození plodů, výhonů a větví kroupami; systémy overhead vyžadují ~10 000–10 500 m² síťoviny/ha, investice řádově 9 000–14 000 USD/ha, životnost 10–15 let. Ekonomická volba síť vs. krupové pojištění modelována pro jihotyrolské producenty (Rogna, Schamel & Weissensteiner 2019).","Fyzická eliminace krupových ztrát na úrodě (vs. finanční kompenzace pojištěním); peer-reviewed co-benefits: redukce úžehu plodů z ~6 % na <2 % v radiačně exponovaných polohách, snížení tlaku obaleče jablečného až o 83–94 % a vrtule velkohlavé o ~96 % (možnost omezit insekticidy), snížení teplotního stresu porostu; nižší evapotranspirační nárok (mikroklima) – relevantní i pro sucho; predikovatelnost produkce stabilizuje příjmy a pojistný trh.","Snížení osvětlení zhoršuje vybarvení dvoubarevných odrůd (řešeno reflexními fóliemi, letním řezem, fotoselektivními sítěmi); vysoká počáteční investice a nároky na konstrukci (sníh – nutné zimní otevření/svinutí); estetika krajiny a bariéry pro opylovače při špatném managementu; ekonomika závisí na frekvenci krupobití – v nízkorizikových oblastech vychází lépe pojištění.","1. Analýza krupové expozice lokality (frekvence, škody)	 2. Ekonomické srovnání síť vs. pojištění (model Rogna et al.)	 3. Návrh konstrukce (kotvení, sloupky, lana) dle sněhu a větru	 4. Volba síťoviny (barva, oko, fotoselektivita) dle odrůd	 5. Instalace a sezónní režim otevírání (jaro–sklizeň)	 6. Kompenzace světelného deficitu (reflexní fólie, řez)	 7. Zimní zabezpečení proti sněhu	 8. Údržba a obnova po 10–15 letech",Jihotyrolská ovocnářská družstva / Laimburg Research Centre (výzkum),,"Rogna, Schamel & Weissensteiner (2019): Choosing Between Hail Insurance and Anti-Hail Nets... BEMPS/IATRC | PMC10711545 (Minnesota – exkluze škůdců 94–96 %) | PMC7761960 (fotoselektivní sítě, sunburn 6→<2 %) | ResearchGate 356726282 (mikroklima a ET v sadu, Jižní Tyrolsko)",2026-07-22,,"Životní prostředí, Finance a majetek",Technické,Před krizí – prevence,Zahraniční praxe (převzato ze zdroje),Převzato ze zdroje,approved,"jizni tyrolsko – protikroupove site v intenzivnim ovocnarstvi|jizni tyrolsko (bolzano), italie|krupobiti, vlny veder"
92,Bangladéš – Cyclone Preparedness Programme a síť cyklonových krytů,"Povodně, Vícenásobné extrémy, Silný vítr",Region,Bangladéš (pobřežní distrikty),22.3569,91.7832,Vysoké (5-50 mil. Kč),Kontinuální (>10 let),"Největší dokumentovaná redukce mortality přírodní katastrofy v historii DRR: po cyklonu Bhola (11/1970; oficiální bilance až 1 mil. obětí, jiné odhady ~300 000–500 000) zřídily vláda a Bangladéšský červený půlměsíc na počátku 70. let Cyclone Preparedness Programme (CPP) – dnes ~76 000 vyškolených dobrovolníků (z toho polovina ženy; 2019: 56 000, plán expanze na 200 000 a multi-hazard záběr), kteří šíří varování (signální vlajky, megafony, rozhlas, SMS) a organizují evakuace do sítě cyklonových krytů: dle UNDRR 5 500 krytů (z toho 1 500 víceúčelových – mimo krizi školy), dle širší definice ICCCAD nárůst ze 400 (1991) na ~14 000 objektů; Světová banka (MDSP) dostavuje 552 nových a rehabilituje 450 krytů + >550 km evakuačních cest pro 14 mil. lidí v 9 okresech. Doplněno modernizací meteorologické služby BMD a víceúrovňovým předáváním výstrah (od vydání výstrahy k zahájení evakuace <15 minut).","Mortalita snížena o dva až tři řády při srovnatelných bouřích: 1970 Bhola až 1 mil. obětí → 1991 Gorky ~138 958 → 2007 Sidr při obdobné síle ~3 400–4 000 (UNDRR uvádí 10 000+) → 2019 Bulbul: evakuováno rekordních 2,1 mil. osob, 19 obětí (z toho 4 opustili kryt před odvoláním) → 2020 Amphan 26 obětí; prestiž programu (dobrovolníci oceňováni premiérkou; 26 dobrovolníků zahynulo ve službě 1991/2007); klíčové rysy: trvalá dobrovolnická struktura, genderová integrace, víceúčelovost krytů, rutinní cvičení proti komplacenci ('rolí dobrovolníků je bojovat se sebeuspokojením' – UNDRR).","Ekonomické ztráty (úroda, dobytek, infrastruktura) redukovány jen málo – program chrání životy, ne živobytí; kapacita krytů stále nedostatečná pro 35 mil. obyvatel pobřeží; údržba tisíců objektů; závislost na dobrovolnické motivaci (26 dobrovolníků zahynulo ve službě 1991/2007); rostoucí expozice (eroze pobřeží, vzestup hladiny).","1. Národní program s trvalým institucionálním ukotvením (vláda + národní společnost ČK/ČP)	 2. Nábor a výcvik vesnických dobrovolníků (vč. žen)	 3. Standardizované varovací protokoly (vlajky, megafony, rozhlas, SMS)	 4. Výstavba víceúčelových krytů dle norem (vyvýšené, kapacita, sanitace)	 5. Pravidelná cvičení a údržba prestiže programu	 6. Napojení na meteorologickou službu a WMO	 7. Po událostech evaluace a expanze (cíl 200 000 dobrovolníků, multi-hazard)",Government of Bangladesh / Bangladesh Red Crescent Society (CPP),,"undrr.org/news/bangladesh-goes-beyond-cyclones (2019: Bulbul, 5 500 krytů, expanze CPP) | icccad.net – 50 years of cyclone preparedness (76 000 dobrovolníků, 400→14 000 krytů, Sidr ~4 000, Amphan 26) | PMC3302549 – Bulletin WHO: Reduced death rates from cyclones in Bangladesh | worldbank.org – Multipurpose Disaster Shelter Project (2022)",2026-07-22,,"Zdraví, Obyvatelé a komunita",Kombinované,"Přímo v krizi – krátkodobá reakce, Připravenost systému (IZS)",Zahraniční praxe (převzato ze zdroje),Převzato ze zdroje,approved,"banglades – cyclone preparedness programme a sit cyklonovych krytu|banglades (pobrezni distrikty)|silny vitr, povodne, vicenasobne extremy"
93,USA – tornádové bezpečné místnosti dle FEMA P-361 / ICC 500 (safe rooms),"Tornáda, Silný vítr",Budova,"USA (Tornado Alley; případ Moore, Oklahoma)",35.3395,-97.4867,Střední (500 tis. - 5 mil. Kč),Krátkodobá (<1 rok),"Standardizované zesílené prostory poskytující 'near-absolute protection' při tornádech a hurikánech: FEMA P-320 (rezidenční) a P-361 (komunitní – školy, úřady) jako best-practice guidance nad závazným kódem ICC 500 (ICC/NSSA Standard for Storm Shelters); návrhová rychlost větru pro tornádové safe rooms až 250 mph (~400 km/h, 3s náraz – tlaky až ~8× vyšší než běžná výstavba) vč. certifikovaných dveří a odolnosti proti letícím troskám (zkouška trámem 2×4 o hmotnosti 15 lb při 100 mph na svislé plochy). 'Near-absolute protection' = dle FEMA velmi vysoká pravděpodobnost ochrany před zraněním či smrtí i při přímém zásahu; platí shodně pro nadzemní i podzemní provedení. IBC od r. 2015 vyžaduje ICC 500 kryty v nových školách a stanicích IZS ve vysoce větrných oblastech; federální granty (HMGP/BRIC) podmíněny shodou s P-361 – do 2016 spolufinancováno >37 000 tornádových krytů.","Empirická evidence z EF5 tornáda Moore, Oklahoma 2013: kryty postavené dle FEMA/ICC standardů odolaly větru >200 mph bez konstrukčního selhání, zatímco u nevyhovujících krytů selhávalo kotvení a dveře; 'near-absolute protection' = velmi vysoká pravděpodobnost přežití bez zranění i při přímém zásahu; škálovatelné od domácích krytů po školní víceúčelové sály; institucionalizace přes stavební kód (IBC) zajišťuje plošné rozšíření bez závislosti na dobrovolnosti; přímá relevance po tornádu Hrušky/Mikulčice 2021 (jediné EF4 v historii ČR).","Náklady (rezidenční jednotky tisíce USD, komunitní sály miliony); ochrana pouze osob v dosahu krytu – kritická je docházková vzdálenost a včasné varování; mimo tornádové oblasti sporná nákladová efektivita; certifikaci návrhu stvrzuje projektant (FEMA produkty neverifikuje) – nutná kontrola trhu; retrofit stávajících budov složitý.","1. Analýza větrné zóny (ICC 500 mapy; tornádové oblasti 250 mph)	 2. Volba typu: rezidenční (P-320) vs. komunitní (P-361)	 3. Návrh projektantem dle ICC 500 + P-361 (kotvení, dveře, trosky)	 4. Využití grantů (HMGP/BRIC) podmíněných shodou s P-361	 5. Výstavba a certifikace	 6. Označení, kapacitní a provozní plán (školy: nácvik přesunu)	 7. Údržba dveří a kontrola po událostech",FEMA Building Science Branch / ICC-NSSA,,"fema.gov/emergency-managers/risk-management/building-science/safe-rooms (definice near-absolute protection) | FEMA Recovery Advisory 'Safe Rooms: Selecting Design Criteria' (200–250 mph, ~8× tlaky) | FEMA P-361 (2021) + ICC 500 | NSSA/Texas Tech – hodnocení krytů po EF5 Moore 2013 | cornelliron.com/fema-361 (>37 000 spolufinancovaných krytů k 2016)",2026-07-22,,"Budovy, Zdraví",Technické,"Přímo v krizi – krátkodobá reakce, Před krizí – prevence",Zahraniční praxe (převzato ze zdroje),Převzato ze zdroje,approved,"usa – tornadove bezpecne mistnosti dle fema p-361 / icc 500 (safe rooms)|usa (tornado alley; pripad moore, oklahoma)|tornada, silny vitr"
94,"Québec – zodolnění elektrické sítě po ledové bouři 1998 (anti-cascading, redundance, detekce námrazy)","Ledovka a námraza, Silný vítr",Region,"Québec, Kanada",45.5017,-73.5673,Vysoké (5-50 mil. Kč),Kontinuální (>10 let),"Systémová odezva Hydro-Québec na Velkou ledovou bouři 1/1998 (pětidenní mrznoucí déšť ~100 mm: ~1 000 zřícených ocelových stožárů přenosové sítě – dle HQ celkem 1 500 poškozených věží – a 30 000 sloupů distribuce, 3,5 mil. odběratelů bez proudu, někteří týdny, 35 obětí, největší mírové nasazení kanadské armády, celkové škody ~5,4 mld. CAD): investice min. 2 mld. CAD do (1) ANTI-CASCADING věží – každá desátá věž na přenosových linkách je zesílená proti dominovému kolapsu (rozestup ~5 km; v 1998 padaly úseky 40–50 km), (2) REDUNDANTNÍCH tras napájení vč. smyčky kolem Montréalu a diverzifikace zdrojů/interkonektorů, (3) rehabilitace >900 km linek dle kritérií přísnějších než norma CSA + 295 km nových a 552 km zesílených linek vč. nové 735kV linky Chamouchouane–Judith-Jasmin pro Montréal, (4) zesílených sloupů a kotvení distribuce (padat smějí jen vodiče), (5) senzorického systému SYGIVRE detekujícího akumulaci námrazy na vodičích a (6) vegetačního managementu koridorů. Plošné zakopání sítě (doporučení komise Nicolet) zavrženo po analýze nákladů ~80 mld. CAD – explicitně zvolen kompromis spolehlivost/náklady; inovace zahrnují novou generaci izolátorů a mezifázové rozpěrky proti kmitání vodičů.","Prokázaná odolnost: při ledové bouři 2015 obnoveno >98 % postižených odběratelů do 12 hodin (oproti týdnům v 1998); linky postavené dle post-1973 vyvážených návrhových konceptů s anti-cascading strukturami přežily 1998 vedle zcela zřícených starších paralelních linek (INMR); architektura 'řízeného selhání' (obětovat definované prvky, zachránit linku) jako přenositelný princip resilience KI; explicitní risk-cost trade-off (zakopání 80 mld. vs. zodolnění 2 mld.) jako vzor rozhodování; čtyřvrstvá obrana (zodolnění, redundance, senzorika, vegetace); první záznam kategorie ledovka/námraza (relevance: CZ ledovka 12/2014).","Síť nikdy nebude plně imunní (přiznáno provozovatelem) – cílem je omezení rozsahu a rychlost obnovy; vysoké kumulativní náklady; anti-cascading chrání přenos, distribuce zůstává zranitelnější; klimatická změna může měnit návrhové parametry námrazy; závislost na údržbě vegetačních koridorů.",1. Nezávislá vyšetřovací komise (Nicolet) a symposium poučení	 2. Nové návrhové ledové/větrné zatížení věží	 3. Anti-cascading věže v pravidelných intervalech	 4. Topologická redundance napájení klíčových oblastí	 5. Přestavba kritických linek dle nových kritérií	 6. Senzorika námrazy (Sygivre) a meteorologická vazba	 7. Vegetační management koridorů	 8. Testování na experimentálních linkách a aktualizace standardů,Hydro-Québec / Commission Nicolet,,"hydroquebec.com/ice-storm-1998/after-the-storm.html (každá 10. věž anti-cascading) | cbc.ca/news/canada/montreal/quebec-ice-storm-improvement-1.4472942 (2 mld. CAD, rozestup 5 km, Nicolet/80 mld., redundance) | news.hydroquebec.com (900 km, Sygivre, 1 500 věží, Chamouchouane) | worldenergy.org – Ice Storm Canada case study (295+552 km, izolátory, rozpěrky) | cbc.ca 1.2890371 (2015: >98 % do 12 h) | canadiangeographic.ca (35 obětí, 5,4 mld. škod)",2026-07-22,,"Finance a majetek, Infrastruktura",Technické,"Po krizi – obnova, Před krizí – prevence",Zahraniční praxe (převzato ze zdroje),Převzato ze zdroje,approved,"quebec – zodolneni elektricke site po ledove bouri 1998 (anti-cascading, redundance, detekce namrazy)|quebec, kanada|ledovka a namraza, silny vitr"
95,"Ochrana sadů a vinic proti jarním mrazům (postřik vodou, protimrazové svíce, promíchávání vzduchu)",Mráz a jarní mrazy,Region,Česká republika (ovocnářské a vinařské oblasti),48.85,16.65,Střední (500 tis. - 5 mil. Kč),Krátkodobá (<1 rok),"Sada aktivních metod ochrany kvetoucích sadů a vinic před radiačními jarními mrazíky (v ČR opakovaně katastrofální škody, např. 2024): (1) POSTŘIK VODOU (overhead sprinkler) – kontinuální mlžení využívá latentní teplo tuhnutí vody (~334 kJ/kg): dokud na povrchu pupenů mrzne nová voda, směs led–voda drží ~0 °C; chrání do cca −5 až −7 °C, standardní referenční metodika FAO (Snyder & de Melo-Abreu: Frost Protection – fundamentals, practice and economics, 2005); (2) PROTIMRAZOVÉ PARAFÍNOVÉ SVÍCE – přímé ohřevy vzduchu v porostu (hoření až 10 h, plamen 20–60 cm, počet a rozmístění dle intenzity mrazu a větru, opakovaně použitelné); (3) VĚTRNÉ STROJE / vrtulníky – rozbíjejí přízemní teplotní inverzi promícháním teplejšího vzduchu z výšky (účinné jen při radiačních mrazech s inverzí); (4) doplňkově odpar vody z nádob (mlha, slabší mrazíky), netkané textilie a nízkokmenné kryty u malých ploch, výsadbová prevence (polohy, pozdně kvetoucí odrůdy).","Postřik vodou při správném dimenzování prakticky eliminuje ztráty květů do −5 °C (fyzikálně garantovaná 0°C izoterma na orgánech); svíce zvednou teplotu v sadu o jednotky °C – rozhodující rozdíl na hraně poškození; kombinovatelné s pojištěním úrody (snížení sazeb) a mrazovou předpovědí (aktivace jen v riziku, u svící ekonomika hoření); metody bez reziduí; větrné stroje s nízkými provozními náklady na hektar při opakovaných mrazech.","Postřik: vysoká spotřeba vody (nutný zdroj a kontinuita – přerušení za mrazu poškodí porost VÍCE než bez ochrany; riziko zamokření a poškození větví ledem), nefunkční při větru; svíce: náklady na kusy a práci, kouř (vztahy se sousedy, hygiena), nutná protipožární kázeň; větrné stroje: hluk, investice, neúčinné při advektivních mrazech bez inverze; všechny metody vyžadují spolehlivou lokální předpověď minim a hlídkovou službu.","1. Zmapování mrazových kotlin a expozice pozemků	 2. Volba metody dle zdroje vody, ekonomiky a typu mrazů (radiační vs. advektivní)	 3. Dimenzování postřiku (intenzita dle očekávaného minima) / počtu svící / pokrytí větrných strojů	 4. Napojení na mrazovou předpověď a čidla minim (aktivační prahy)	 5. Hlídková služba v rizikových nocích	 6. Aktivace: postřik kontinuálně do roztátí ledu / svíce po dobu mrazu	 7. Vyhodnocení škod a pojistná dokumentace	 8. Dlouhodobě: odrůdová a polohová prevence",FAO (metodika) / čeští ovocnáři a vinaři (praxe),,"Snyder & de Melo-Abreu (2005): Frost Protection – fundamentals, practice and economics, FAO Environment and Natural Resources Series 10 | agromanualshop.cz (protimrazové svíce – parametry) | habio.cz (přehled metod) | doporučeno doplnit: ÚKZÚZ/výzkumné stanice – česká kvantifikace účinnosti",2026-07-22,,"Životní prostředí, Finance a majetek",Technické,Přímo v krizi – krátkodobá reakce,Domácí praxe (převzato ze zdroje),Převzato ze zdroje,approved,"ochrana sadu a vinic proti jarnim mrazum (postrik vodou, protimrazove svice, promichavani vzduchu)|ceska republika (ovocnarske a vinarske oblasti)|mraz a jarni mrazy"
96,ČR – lokální výstražné systémy obcí (LVS) pro bleskové povodně malých povodí,"Povodně, Přívalové deště",Neurčeno,Česká republika (obce; financování OPŽP),49.75,15.0,Nízké (<500 tis. Kč),Krátkodobá (<1 rok),"Automatické hladinoměrné a srážkoměrné stanice provozované obcemi na malých povodích (hlásné profily kategorie C), kde celostátní síť ČHMÚ (~730 srážkoměrů) nemá pokrytí a bleskové povodně předbíhají centrální předpověď: čidla s frekvencí přenosu ~10–20 min automaticky zasílají SMS/notifikaci povodňovému orgánu obce při překročení nastavených limitů; starosta dle digitálního povodňového plánu (dPP – podmínka dotace) vyhodnotí situaci a varuje občany bezdrátovým rozhlasem/sirénou napojenou na JSVI. Masivní rozšíření umožnila dotační osa OPŽP (omezování rizika povodní – LVS, VIS, dPP); metodicky ukotveno příručkou MŽP/OPŽP 'Lokální výstražné, varovné a informační systémy v ochraně před povodněmi' (aktualizace 2023) a Plány pro zvládání povodňových rizik (obecná opatření pro 877 obcí v oblastech s významným povodňovým rizikem: 618 povodí Labe, 196 Dunaje, 63 Odry). Srážkoměry v LVS prodlužují předstih před vzestupem hladiny; v horských polohách celoroční měření vč. sněhu a teploty.","Předstih varování v malých povodích, kde centrální systém (#4, #79) nemá rozlišení – kritické pro bleskové povodně typu 2009 Novojičínsko; nízké pořizovací náklady s vysokou mírou dotace; automatizace odstraňuje závislost na manuálním odečtu latě hlídkovou službou; vazba dPP + LVS + rozhlas uzavírá celý řetězec detekce→rozhodnutí→varování na úrovni obce; data doplnitelná o hlásné profily ČHMÚ; přenositelná šablona 'poslední míle' včasného varování.","Účinnost stojí a padá s proškolením povodňového orgánu (interpretace dat, práce s dPP v noci a ve stresu); srážkoměrná data obtížněji interpretovatelná než hladiny (indikátor přívalových povodní ČHMÚ jako budoucí vodítko); údržba a kalibrace čidel obcí; falešné poplachy vs. zmeškání – nastavení limitů; heterogenní kvalita instalací mezi dodavateli; u nejrychlejších povodí ani LVS nemusí stačit – nutná kombinace s preventivními opatřeními v krajině.","1. Analýza odtokových poměrů povodí a kritických profilů	 2. Zpracování/aktualizace digitálního povodňového plánu (podmínka)	 3. Návrh LVS: hladinoměry (kat. C profily) + srážkoměry (horské: celoroční)	 4. Žádost o dotaci OPŽP	 5. Instalace čidel a vysílací ústředny rozhlasu (napojení JSVI)	 6. Nastavení limitů a automatických notifikací povodňovému orgánu	 7. Proškolení a pravidelná cvičení povodňové komise	 8. Údržba, kalibrace a vyhodnocení po událostech",MŽP / SFŽP (OPŽP) / obce,,opzp.cz – Příručka LVS a VIS v ochraně před povodněmi (2023) | mzp.gov.cz (tiskové zprávy OPŽP; Plány pro zvládání povodňových rizik – 877 obcí) | moderniobec.cz/lokalni-vystrazne-systemy (technické parametry),2026-07-22,,"Finance a majetek, Infrastruktura, Obyvatelé a komunita",Technické,"Přímo v krizi – krátkodobá reakce, Připravenost systému (IZS)",Domácí praxe (převzato ze zdroje),Převzato ze zdroje,approved,"cr – lokalni vystrazne systemy obci (lvs) pro bleskove povodne malych povodi|ceska republika (obce; financovani opzp)|privalove deste, povodne"
